{
  "title": "Voluptate mollit cillum excepteur veniam.",
  "sub_title": "Dolor deserunt in anim est commodo labore nisi dolor deserunt.",
  "description": "Elit elit laborum proident cupidatat eu amet amet irure pariatur duis et. Voluptate quis consectetur Lorem enim duis quis nostrud id esse. Occaecat incididunt pariatur reprehenderit eiusmod amet est ex eiusmod eu officia sit. Sit excepteur ea esse ipsum excepteur. Veniam et sint et eu voluptate officia nulla fugiat duis. Ea velit dolore ad ullamco elit Lorem pariatur cillum sit laborum. Cillum quis irure incididunt qui sunt ea minim culpa mollit.",
  "previous_attempts": [
    { "date": "Jul 30, 2020", "score": 75 },
    { "date": "Aug 30, 2020", "score": 44 }
  ],
  "total_score": "60.5",
  "answered_question": "9",
  "total_question": "10",
  "total_time": "01:04:44",
  "questions": [
    {
      "item_order": 0,
      "question_text": "Esse elit commodo id nostrud eu magna commodo eu quis sit labore nisi incididunt occaecat. Ut veniam reprehenderit est irure irure ut fugiat. Officia officia nostrud consequat cillum consectetur id culpa cillum tempor tempor.",
      "explanation": "Eiusmod minim in exercitation sit et reprehenderit tempor nisi. Adipisicing dolore voluptate laboris dolore labore sint ullamco laboris aliqua est. Esse ut reprehenderit ullamco deserunt. Aliqua tempor nulla magna tempor magna deserunt exercitation. Consequat velit non magna ullamco fugiat reprehenderit aute deserunt. Anim quis elit commodo nostrud veniam Lorem sunt non amet irure.",
      "answers": [
        {
          "answer_text": "Sunt aliqua sint labore voluptate elit Lorem enim magna."
        },
        { "answer_text": "Sunt est mollit ipsum ex nulla ad." },
        { "answer_text": "Officia Lorem Lorem duis aute ex exercitation." },
        { "answer_text": "Veniam aute id consequat consequat." }
      ],
      "correct_answer_ids": ["1", "2"],
      "answered_ids": ["1", "2"],
      "num_expected_answers": 2,
      "domain": "performance"
    },
    {
      "item_order": 1,
      "question_text": "Cupidatat sint voluptate amet velit irure officia. Aute est minim mollit et duis sint laboris sit nulla amet. Dolore nulla Lorem duis ut occaecat ipsum aliquip. Laboris velit amet enim eiusmod pariatur. Voluptate commodo enim dolor aute.",
      "explanation": "Reprehenderit esse Lorem ut in. Eu dolor mollit dolore proident enim. Reprehenderit amet consequat aliquip incididunt commodo Lorem dolor id et velit consequat. Ut nisi deserunt aute quis quis est ex. Occaecat est ullamco elit proident Lorem exercitation ad esse quis mollit consectetur.",
      "answers": [
        {
          "answer_text": "Do sunt sint consequat cupidatat excepteur veniam ad."
        },
        { "answer_text": "Veniam ad adipisicing do voluptate." },
        { "answer_text": "Deserunt dolor aute id amet nulla." },
        { "answer_text": "Lorem do veniam quis pariatur dolore fugiat do." },
        { "answer_text": "Cupidatat excepteur anim consectetur sunt aute." }
      ],
      "correct_answer_ids": ["4"],
      "answered_ids": ["1"],
      "num_expected_answers": 1,
      "domain": "compliance"
    },
    {
      "item_order": 2,
      "question_text": "Nostrud proident consectetur sint ex ipsum proident aliqua tempor ad quis ipsum et esse aute. Irure fugiat nisi ut exercitation eiusmod in adipisicing nisi adipisicing incididunt esse. Occaecat non enim dolor qui magna aliquip anim enim nisi veniam do elit occaecat. Aliqua esse cupidatat commodo reprehenderit irure enim do voluptate incididunt adipisicing id laborum enim.",
      "explanation": "Pariatur esse tempor anim nisi anim culpa fugiat. Non enim est occaecat aliquip velit Lorem laborum. Aliqua laboris ea aute reprehenderit est aute et adipisicing nulla adipisicing. Dolor aliqua elit commodo sunt. Esse consectetur adipisicing nostrud ad Lorem. Ex esse sint irure minim veniam aute nostrud sunt Lorem elit.",
      "answers": [
        { "answer_text": "Dolore dolor fugiat dolor do do." },
        { "answer_text": "Consectetur ullamco culpa irure do non." },
        {
          "answer_text": "Fugiat qui in minim exercitation proident sunt reprehenderit incididunt."
        },
        {
          "answer_text": "Quis nisi velit anim sit nulla incididunt culpa in excepteur."
        }
      ],
      "correct_answer_ids": ["1", "3"],
      "answered_ids": ["1", "2"],
      "num_expected_answers": 2,
      "domain": "security"
    },
    {
      "item_order": 3,
      "question_text": "Ex id ipsum irure aute commodo ex ad magna ipsum et minim. Officia veniam esse aliqua amet laborum reprehenderit sunt. Est esse reprehenderit culpa amet qui occaecat aliqua. Consequat quis amet elit ex.",
      "explanation": "Nulla nulla non non magna sunt duis Lorem. Eiusmod aliqua anim reprehenderit ex. Minim enim occaecat do in exercitation dolor pariatur consequat.",
      "answers": [
        { "answer_text": "Fugiat sunt aliqua esse elit in voluptate." },
        {
          "answer_text": "Cillum velit exercitation cillum ad consequat enim sit cupidatat."
        },
        {
          "answer_text": "Minim veniam labore consectetur veniam exercitation minim ut eu."
        },
        {
          "answer_text": "Ad adipisicing in cupidatat occaecat sint ea commodo aute aliqua."
        }
      ],
      "correct_answer_ids": ["1", "3"],
      "answered_ids": ["1", "3"],
      "num_expected_answers": 2,
      "domain": "security"
    },
    {
      "item_order": 4,
      "question_text": "Cillum in aliqua minim proident mollit labore sunt labore. Proident nisi amet anim irure. Irure commodo excepteur elit dolore dolore exercitation ut pariatur aliquip excepteur aliqua. Exercitation aliquip reprehenderit consequat proident tempor. Proident sint veniam anim tempor nostrud. Elit non deserunt est ex deserunt et ea Lorem Lorem. Magna qui est pariatur consequat ullamco fugiat nisi incididunt esse mollit minim laboris.",
      "explanation": "Reprehenderit est ea proident duis tempor aliqua ad proident deserunt in. Consectetur sunt aute et enim anim cillum incididunt elit sit id. Aliqua culpa proident sunt in do.",
      "answers": [
        {
          "answer_text": "Reprehenderit cillum Lorem nostrud commodo veniam eiusmod irure est cupidatat."
        },
        {
          "answer_text": "Eiusmod adipisicing do culpa duis in voluptate magna."
        },
        { "answer_text": "Enim ut fugiat occaecat excepteur." },
        { "answer_text": "Fugiat ut irure veniam ut." }
      ],
      "correct_answer_ids": ["1", "3"],
      "answered_ids": ["1", "2"],
      "num_expected_answers": 2,
      "domain": "performance"
    },
    {
      "item_order": 5,
      "question_text": "Ullamco tempor eu aute in deserunt aliquip aliquip aute deserunt eiusmod nostrud. Ad qui cupidatat fugiat excepteur enim duis tempor. Deserunt aliqua enim nostrud nostrud est labore sit excepteur sit enim laboris. Irure qui sit commodo Lorem dolore tempor magna. Et magna dolore incididunt incididunt Lorem. Tempor pariatur reprehenderit ea eiusmod magna. Lorem cupidatat aliqua veniam excepteur ipsum deserunt mollit.",
      "explanation": "Non commodo esse voluptate nulla sit amet dolore. Cillum laborum laborum consequat quis pariatur tempor magna esse. Lorem aliquip excepteur est nulla do ex ut mollit. Ipsum adipisicing consectetur fugiat exercitation magna in dolore occaecat et exercitation dolore.",
      "answers": [
        {
          "answer_text": "Ex sunt consequat ex tempor qui incididunt est duis."
        },
        {
          "answer_text": "Consectetur ipsum ut fugiat in deserunt dolor esse id eiusmod."
        },
        {
          "answer_text": "Nisi est nostrud nostrud labore cillum amet est voluptate."
        },
        { "answer_text": "Fugiat excepteur minim anim incididunt excepteur." },
        {
          "answer_text": "Sit amet laboris minim veniam ex voluptate labore aliquip."
        },
        {
          "answer_text": "Exercitation ullamco fugiat laboris culpa duis eiusmod officia reprehenderit est."
        }
      ],
      "correct_answer_ids": ["1", "3"],
      "answered_ids": ["1", "3"],
      "num_expected_answers": 2,
      "domain": "architecture"
    },
    {
      "item_order": 4,
      "question_text": "Cillum in aliqua minim proident mollit labore sunt labore. Proident nisi amet anim irure. Irure commodo excepteur elit dolore dolore exercitation ut pariatur aliquip excepteur aliqua. Exercitation aliquip reprehenderit consequat proident tempor. Proident sint veniam anim tempor nostrud. Elit non deserunt est ex deserunt et ea Lorem Lorem. Magna qui est pariatur consequat ullamco fugiat nisi incididunt esse mollit minim laboris.",
      "explanation": "Reprehenderit est ea proident duis tempor aliqua ad proident deserunt in. Consectetur sunt aute et enim anim cillum incididunt elit sit id. Aliqua culpa proident sunt in do.",
      "answers": [
        {
          "answer_text": "Reprehenderit cillum Lorem nostrud commodo veniam eiusmod irure est cupidatat."
        },
        {
          "answer_text": "Eiusmod adipisicing do culpa duis in voluptate magna."
        },
        { "answer_text": "Enim ut fugiat occaecat excepteur." },
        { "answer_text": "Fugiat ut irure veniam ut." }
      ],
      "correct_answer_ids": ["1", "3"],
      "answered_ids": ["1", "2"],
      "num_expected_answers": 2,
      "domain": "architecture"
    },
    {
      "item_order": 6,
      "question_text": "Eu do nostrud proident qui nisi amet culpa sint eiusmod. Dolor nulla nisi est ea veniam consequat occaecat ex et mollit elit in ullamco labore. Voluptate consequat incididunt ad mollit eu cillum consectetur aliquip elit sit quis. Pariatur veniam ipsum qui nulla esse. Consequat non deserunt irure Lorem eu ad excepteur. Ad ea eu officia Lorem anim non ea duis occaecat eiusmod exercitation amet.",
      "explanation": "Incididunt adipisicing sunt est deserunt incididunt duis magna cupidatat excepteur laborum. Est occaecat adipisicing ullamco voluptate nulla. Pariatur aliqua consectetur minim quis quis qui Lorem adipisicing deserunt aliquip velit. Do in eiusmod fugiat minim reprehenderit.",
      "answers": [
        {
          "answer_text": "Cupidatat quis do adipisicing ad ullamco esse consequat."
        },
        {
          "answer_text": "Mollit mollit aliqua excepteur minim quis mollit excepteur laborum eiusmod."
        },
        { "answer_text": "Commodo aliquip ex in ex aute magna reprehenderit." },
        { "answer_text": "Aliquip esse qui minim enim ex." }
      ],
      "correct_answer_ids": ["3", "2"],
      "answered_ids": ["1", "2"],
      "num_expected_answers": 2,
      "domain": "security"
    },
    {
      "item_order": 7,
      "question_text": "Ex labore laborum laboris duis mollit ullamco exercitation nisi ipsum cupidatat laborum duis et aliquip. Dolor cillum irure tempor adipisicing laborum adipisicing consequat officia deserunt non culpa. Reprehenderit dolore ut nisi excepteur aute commodo. Dolor labore ipsum ullamco esse voluptate. Minim sit nulla velit proident id minim cupidatat duis velit adipisicing. Irure cupidatat nostrud reprehenderit duis Lorem culpa est.",
      "explanation": "Officia consequat culpa enim in proident consequat. Esse proident quis aute Lorem irure ullamco ipsum aliquip sint labore. Ullamco ea occaecat exercitation do cupidatat reprehenderit aliqua esse labore. Fugiat occaecat pariatur sint exercitation excepteur nisi occaecat. Ut esse deserunt aliquip dolor aliquip.",
      "answers": [
        {
          "answer_text": "Laborum irure enim consectetur elit eu eiusmod nulla."
        },
        {
          "answer_text": "Pariatur reprehenderit nostrud commodo exercitation sit amet."
        },
        { "answer_text": "Veniam mollit non elit excepteur." },
        { "answer_text": "Aute labore dolore nulla non tempor." },
        {
          "answer_text": "Esse id amet laborum pariatur dolore commodo non nisi."
        }
      ],
      "correct_answer_ids": ["2", "1"],
      "answered_ids": ["2", "1"],
      "num_expected_answers": 2,
      "domain": "performance"
    },
    {
      "item_order": 8,
      "question_text": "Sit enim ea occaecat dolor sunt in do duis qui sit ullamco cupidatat dolore. Ipsum ea est exercitation mollit pariatur ut. Consequat sit nostrud culpa nisi duis esse est adipisicing ipsum.",
      "explanation": "Eiusmod mollit ipsum aliquip non duis dolore adipisicing velit in. Occaecat consequat do anim amet adipisicing id sunt. Exercitation commodo minim dolor tempor anim aliqua sint do quis esse officia. Id est enim commodo proident non ad commodo ipsum proident.",
      "answers": [
        {
          "answer_text": "Lorem cupidatat pariatur excepteur ad adipisicing fugiat sint adipisicing culpa."
        },
        {
          "answer_text": "Irure incididunt officia Lorem anim cupidatat in amet minim."
        },
        { "answer_text": "Amet sunt irure nisi sunt id ea fugiat." },
        {
          "answer_text": "Incididunt pariatur magna fugiat duis magna cupidatat."
        }
      ],
      "correct_answer_ids": ["4", "1"],
      "answered_ids": ["4", "1"],
      "num_expected_answers": 2,
      "domain": "security"
    },
    {
      "item_order": 9,
      "question_text": "Nulla tempor non nulla sunt enim quis culpa sint. Elit commodo ad sit commodo duis deserunt enim. Sit deserunt sunt ad sit nostrud dolor duis sit id laboris irure magna dolor. Sit nisi ex tempor enim magna in minim sunt qui consequat eiusmod tempor.",
      "explanation": "Irure tempor aliqua ullamco do laborum nulla proident. Tempor deserunt in labore minim magna occaecat officia exercitation voluptate aliquip officia. Ea quis Lorem labore nisi magna aute tempor sint.",
      "answers": [
        {
          "answer_text": "Dolor dolor sunt non aliqua enim reprehenderit sit."
        },
        { "answer_text": "Et enim velit laboris sint laborum excepteur." },
        { "answer_text": "In do dolore adipisicing cillum et." },
        {
          "answer_text": "Sit nulla irure aute eu fugiat nostrud nisi eu tempor."
        }
      ],
      "correct_answer_ids": ["1", "3"],
      "answered_ids": ["1", "3"],
      "num_expected_answers": 2,
      "domain": "performance"
    }
  ]
}
