{
  "quiz": {
    "id": "ec24c5fb-2f84-41e1-825e-24f5229e3dc3",
    "time_limit_sec": null,
    "quiz_type": "OMNIDUCATE",
    "quiz_name": "It is a long established fact that",
    "quiz_description": "It is a long established fact that a reader will be distracted by the readable It is a long established fact that a reader will be distracted by the readable It is a long established fact that a reader will be distracted by the readable",
    "questions": [
      {
        "id": "bffdb72a-1ba7-496b-9e35-8bc83c390002",
        "disabled": null,
        "item_order": 0,
        "question_text": "<h1>what <strong>makes</strong> the world go 'round?</h1><p><img src=\"https://landerapp.com/blog/wp-content/uploads/2017/12/1-3.png\"></p>",
        "answers": [
          "{\"answer_text\":\"<strong><em>First answer</em></strong> Usage of basic Tag, and it could be closable by set closable property. Closable Tag support\",\"disabled\":false}",
          "{\"answer_text\":\"<p>Answer B</p>\",\"disabled\":false}",
          "{\"answer_text\":\"Answer C\",\"disabled\":false}",
          "{\"answer_text\":\"Answer D\",\"disabled\":false}"
        ],
        "explanation": "gravity...",
        "correct_answer_ids": [0],
        "num_expected_answers": 1
      },
      {
        "id": "e60c10ff-e8a8-4f1c-b238-9d94b685633d",
        "disabled": null,
        "item_order": 1,
        "question_text": "why did the chicken cross the road?",
        "answers": [
          "{\"answer_text\":\"Answer x\",\"disabled\":false}",
          "{\"answer_text\":\"Answer y\",\"disabled\":false}",
          "{\"answer_text\":\"Answer z\",\"disabled\":false}",
          "{\"answer_text\":\"Answer 3\",\"disabled\":false}"
        ],
        "explanation": "to get to the other side...",
        "correct_answer_ids": [0, 1, 3],
        "num_expected_answers": 3
      },
      {
        "id": "e60c10ff-e8a8-4f1c-b238-9d94b68563ld",
        "disabled": null,
        "item_order": 1,
        "question_text": "This is third question and little bit hard. How can you proceed this?",
        "answers": [
          "{\"answer_text\":\"Ami valo achi\",\"disabled\":false}",
          "{\"answer_text\":\"Tumi kemon acho\",\"disabled\":false}",
          "{\"answer_text\":\"Onek valo\",\"disabled\":false}",
          "{\"answer_text\":\"Valo thako\",\"disabled\":false}"
        ],
        "explanation": "This is the explaination of the question no 3",
        "correct_answer_ids": [1, 3],
        "num_expected_answers": 2
      },
      {
        "id": "e60c10ff-e8a8-4f1c-fff8-9d94b68563ld",
        "disabled": null,
        "item_order": 1,
        "question_text": "This is third question and little bit hard. How can you proceed this?",
        "answers": [
          "{\"answer_text\":\"components can contain an Icon. This is done by setting the icon property or placing an Icon component within the Tag\",\"disabled\":false}",
          "{\"answer_text\":\"Generating a set of Tags by array, you can add and remove dynamically.\",\"disabled\":false}",
          "{\"answer_text\":\"Onek valo\",\"disabled\":false}",
          "{\"answer_text\":\"Valo thako\",\"disabled\":false}"
        ],
        "explanation": "This is the explaination of the question no 3",
        "correct_answer_ids": [2, 3],
        "num_expected_answers": 2
      },
      {
        "id": "e60c10ff-e8a8-4f1c-fff8-45as4d5f4s5d4f",
        "disabled": null,
        "item_order": 1,
        "question_text": "This is third question and little bit hard. How can you proceed this?",
        "answers": [
          "{\"answer_text\":\"If you want specific control over the positioning and placement of the Icon, then that should be done by placing the Icon component within the Tag rather than using the icon property.\",\"disabled\":false}",
          "{\"answer_text\":\"We preset five different colors, you can set color property such as success,processing,error,default\",\"disabled\":false}",
          "{\"answer_text\":\"Onek valo\",\"disabled\":false}",
          "{\"answer_text\":\"Valo thako\",\"disabled\":false}"
        ],
        "explanation": "This is the explaination of the question no 3",
        "correct_answer_ids": [1, 2],
        "num_expected_answers": 2
      },
      {
        "id": "e60c10ff-e8a8-4f1c-fff8-9d94b6e38563ld",
        "disabled": null,
        "item_order": 1,
        "question_text": "This is third question and little bit hard. How can you proceed this?",
        "answers": [
          "{\"answer_text\":\"Ami valo achi\",\"disabled\":false}",
          "{\"answer_text\":\"Tumi kemon acho\",\"disabled\":false}",
          "{\"answer_text\":\"Onek valo\",\"disabled\":false}",
          "{\"answer_text\":\"Valo thako\",\"disabled\":false}"
        ],
        "explanation": "This is the explaination of the question no 3",
        "correct_answer_ids": [1, 2],
        "num_expected_answers": 2
      }
    ]
  }
}
