{
  "selected_values": [],
  "correctAnswerIds": [],
  "answerStatus": "unanswered",
  "percentAnswered": 0,
  "loadingAnswer": false,
  "score": 0,
  "module_id": "56fe1778-4859-4471-a567-c8cd40ed9fa8",
  "episode_id": "5d7860c7-7d79-4c06-952a-f00f06e689d7",
  "quiz_id": "ec24c5fb-2f84-41e1-825e-24f5229e3dc3",
  "questionOrder": 0,
  "course": {
    "title": "Become an Algorithms ninja!",
    "abstract": null,
    "overview": null,
    "course_image": "omniducate_tenants/dnvm86zlnupzjeo9czzk",
    "course_type": "mooc",
    "is_active": false,
    "is_public": false,
    "item_path": "na4/COURSE",
    "status": "DRAFT",
    "stub": "become-an-algorithms-ninja",
    "base_price_cents": null,
    "public_length": null,
    "public_dates": null,
    "public_discount_pct": null,
    "course_date_from": null,
    "course_date_to": null,
    "date_desc_html": null,
    "is_enrollment_open": null,
    "levels": null,
    "time_zone": null,
    "schedule_type": null,
    "modules": [
      {
        "id": "a2d39bb0-f8a0-4587-a33a-cfeb12137f4d",
        "title": "Intro",
        "course_id": "47be4a4f-f27e-4d43-87c0-9858c097a4ef",
        "item_order": 0,
        "item_path": "na4/47be4a4f-f27e-4d43-87c0-9858c097a4ef/MODULE",
        "episodes": [
          {
            "id": "560266cf-4e4d-4cd7-b89f-500be5bf632f",
            "item_order": 0,
            "course_id": "47be4a4f-f27e-4d43-87c0-9858c097a4ef",
            "module_id": "a2d39bb0-f8a0-4587-a33a-cfeb12137f4d",
            "quiz_id": null,
            "episode_type": null,
            "title": "Course objectives",
            "resources": [],
            "video": null,
            "quiz": null,
            "__typename": "Episode"
          },
          {
            "id": "253f91d6-2aa8-40e1-bfa2-3415c79c5cb5",
            "item_order": 1,
            "course_id": "47be4a4f-f27e-4d43-87c0-9858c097a4ef",
            "module_id": "a2d39bb0-f8a0-4587-a33a-cfeb12137f4d",
            "quiz_id": null,
            "episode_type": null,
            "title": "Course objectives Copy",
            "resources": [],
            "video": null,
            "quiz": null,
            "__typename": "Episode"
          },
          {
            "id": "60969ecb-2665-419d-a10a-24106107cf35",
            "item_order": 2,
            "course_id": "47be4a4f-f27e-4d43-87c0-9858c097a4ef",
            "module_id": "a2d39bb0-f8a0-4587-a33a-cfeb12137f4d",
            "quiz_id": null,
            "episode_type": null,
            "title": "Setting up your environment",
            "resources": [],
            "video": null,
            "quiz": null,
            "__typename": "Episode"
          },
          {
            "id": "0f10e096-d213-49d1-8676-838e240f7e45",
            "item_order": 2,
            "course_id": "47be4a4f-f27e-4d43-87c0-9858c097a4ef",
            "module_id": "a2d39bb0-f8a0-4587-a33a-cfeb12137f4d",
            "quiz_id": "ec24c5fb-2f84-41e1-825e-24f5229e3dc3",
            "episode_type": null,
            "title": "Setting up your environment",
            "resources": [],
            "video": null,
            "quiz": null,
            "__typename": "Episode"
          },
          {
            "id": "3cfa4553-16f9-40e5-901d-34a586ba53be",
            "item_order": 4,
            "course_id": "47be4a4f-f27e-4d43-87c0-9858c097a4ef",
            "module_id": "a2d39bb0-f8a0-4587-a33a-cfeb12137f4d",
            "quiz_id": null,
            "episode_type": null,
            "title": "Instructor self-introduction",
            "resources": [],
            "video": null,
            "quiz": null,
            "__typename": "Episode"
          },
          {
            "id": "f2ede122-665c-4f09-b84f-fe2df469098b",
            "item_order": 5,
            "course_id": "47be4a4f-f27e-4d43-87c0-9858c097a4ef",
            "module_id": "a2d39bb0-f8a0-4587-a33a-cfeb12137f4d",
            "quiz_id": null,
            "episode_type": null,
            "title": "New Episode",
            "resources": [],
            "video": null,
            "quiz": null,
            "__typename": "Episode"
          },
          {
            "id": "edf7c43d-0c0c-4fba-aff0-7c8d00395462",
            "item_order": 6,
            "course_id": "47be4a4f-f27e-4d43-87c0-9858c097a4ef",
            "module_id": "a2d39bb0-f8a0-4587-a33a-cfeb12137f4d",
            "quiz_id": null,
            "episode_type": null,
            "title": "Course curriculum",
            "resources": [],
            "video": null,
            "quiz": null,
            "__typename": "Episode"
          },
          {
            "id": "b4d8f74e-4264-4a4c-815b-0752ebeccc25",
            "item_order": 7,
            "course_id": "47be4a4f-f27e-4d43-87c0-9858c097a4ef",
            "module_id": "a2d39bb0-f8a0-4587-a33a-cfeb12137f4d",
            "quiz_id": null,
            "episode_type": null,
            "title": "Setting up your environment - links",
            "resources": [],
            "video": null,
            "quiz": null,
            "__typename": "Episode"
          },
          {
            "id": "44ca3835-82c7-400a-b818-b93b1d282ac1",
            "item_order": 8,
            "course_id": "47be4a4f-f27e-4d43-87c0-9858c097a4ef",
            "module_id": "a2d39bb0-f8a0-4587-a33a-cfeb12137f4d",
            "quiz_id": null,
            "episode_type": null,
            "title": "Recommended resources",
            "resources": [],
            "video": null,
            "quiz": null,
            "__typename": "Episode"
          },
          {
            "id": "2cecb015-a554-4713-9318-de76480b14dd",
            "item_order": 9,
            "course_id": "47be4a4f-f27e-4d43-87c0-9858c097a4ef",
            "module_id": "a2d39bb0-f8a0-4587-a33a-cfeb12137f4d",
            "quiz_id": null,
            "episode_type": null,
            "title": "New Episode",
            "resources": [],
            "video": null,
            "quiz": null,
            "__typename": "Episode"
          }
        ],
        "__typename": "Module"
      },
      {
        "id": "56fe1778-4859-4471-a567-c8cd40ed9fa8",
        "title": "Intro quiz",
        "course_id": "47be4a4f-f27e-4d43-87c0-9858c097a4ef",
        "item_order": 1,
        "item_path": "na4/47be4a4f-f27e-4d43-87c0-9858c097a4ef/MODULE",
        "episodes": [
          {
            "id": "5d7860c7-7d79-4c06-952a-f00f06e689d7",
            "item_order": 0,
            "course_id": "47be4a4f-f27e-4d43-87c0-9858c097a4ef",
            "module_id": "56fe1778-4859-4471-a567-c8cd40ed9fa8",
            "quiz_id": "ec24c5fb-2f84-41e1-825e-24f5229e3dc3",
            "episode_type": "quiz",
            "title": "First Quiz",
            "resources": [],
            "video": null,
            "quiz": {
              "id": "ec24c5fb-2f84-41e1-825e-24f5229e3dc3",
              "time_limit_sec": null,
              "quiz_type": "OMNIDUCATE",
              "quiz_name": "first Quiz",
              "questions": [
                {
                  "id": "bffdb72a-1ba7-496b-9e35-8bc83c390002",
                  "disabled": null,
                  "item_order": 0,
                  "question_text": "<h1>what <strong>makes</strong> the world go 'round?</h1><p><img src=\"https://landerapp.com/blog/wp-content/uploads/2017/12/1-3.png\"></p>",
                  "answers": [
                    "{\"answer_text\":\"<h2><strong><em>First answer</em></strong></h2>\",\"disabled\":false}",
                    "{\"answer_text\":\"<p>Answer B</p>\",\"disabled\":false}",
                    "{\"answer_text\":\"Answer C\",\"disabled\":false}",
                    "{\"answer_text\":\"Answer D\",\"disabled\":false}"
                  ],
                  "explanation": "gravity...",
                  "correct_answer_ids": [0],
                  "num_expected_answers": 1,
                  "__typename": "QuizQuestion"
                },
                {
                  "id": "e60c10ff-e8a8-4f1c-b238-9d94b6856353",
                  "disabled": null,
                  "item_order": 1,
                  "question_text": "why did the chicken cross the road?",
                  "answers": [
                    "{\"answer_text\":\"Answer A\",\"disabled\":false}",
                    "{\"answer_text\":\"Answer B\",\"disabled\":false}",
                    "{\"answer_text\":\"Answer C\",\"disabled\":false}",
                    "{\"answer_text\":\"Answer D\",\"disabled\":false}"
                  ],
                  "explanation": "to get to the other side...",
                  "correct_answer_ids": [1, 3],
                  "num_expected_answers": 2,
                  "__typename": "QuizQuestion"
                }
              ],
              "__typename": "Quiz"
            },
            "__typename": "Episode"
          }
        ],
        "__typename": "Module"
      },
      {
        "id": "0055346e-24bf-40a1-a56d-c45ecbd431c5",
        "title": "Introduction to algorithms",
        "course_id": "47be4a4f-f27e-4d43-87c0-9858c097a4ef",
        "item_order": 2,
        "item_path": "na4/47be4a4f-f27e-4d43-87c0-9858c097a4ef/MODULE",
        "episodes": [
          {
            "id": "dde2016b-1f1b-445b-829b-d118858292c5",
            "item_order": 0,
            "course_id": "47be4a4f-f27e-4d43-87c0-9858c097a4ef",
            "module_id": "0055346e-24bf-40a1-a56d-c45ecbd431c5",
            "quiz_id": null,
            "episode_type": null,
            "title": "Unit objectives",
            "resources": [],
            "video": null,
            "quiz": null,
            "__typename": "Episode"
          },
          {
            "id": "3db833f7-552d-4c52-87ca-09fdb01ebee3",
            "item_order": 1,
            "course_id": "47be4a4f-f27e-4d43-87c0-9858c097a4ef",
            "module_id": "0055346e-24bf-40a1-a56d-c45ecbd431c5",
            "quiz_id": null,
            "episode_type": null,
            "title": "Setting up your environment",
            "resources": [],
            "video": null,
            "quiz": null,
            "__typename": "Episode"
          },
          {
            "id": "a38b9577-6cc9-49dc-abb6-57b66f48b96a",
            "item_order": 2,
            "course_id": "47be4a4f-f27e-4d43-87c0-9858c097a4ef",
            "module_id": "0055346e-24bf-40a1-a56d-c45ecbd431c5",
            "quiz_id": null,
            "episode_type": null,
            "title": "Setting up your environment - links",
            "resources": [],
            "video": null,
            "quiz": null,
            "__typename": "Episode"
          },
          {
            "id": "bc431e5c-de01-4998-aa91-28cae72dbf6e",
            "item_order": 3,
            "course_id": "47be4a4f-f27e-4d43-87c0-9858c097a4ef",
            "module_id": "0055346e-24bf-40a1-a56d-c45ecbd431c5",
            "quiz_id": null,
            "episode_type": null,
            "title": "New Episode",
            "resources": [],
            "video": null,
            "quiz": null,
            "__typename": "Episode"
          },
          {
            "id": "def79fb7-5123-4577-845b-f29c4fd3f29a",
            "item_order": 4,
            "course_id": "47be4a4f-f27e-4d43-87c0-9858c097a4ef",
            "module_id": "0055346e-24bf-40a1-a56d-c45ecbd431c5",
            "quiz_id": null,
            "episode_type": null,
            "title": "Overview [Pattern 1]",
            "resources": [],
            "video": null,
            "quiz": null,
            "__typename": "Episode"
          },
          {
            "id": "dcb10260-bf57-45d4-91d7-efca5974443f",
            "item_order": 5,
            "course_id": "47be4a4f-f27e-4d43-87c0-9858c097a4ef",
            "module_id": "0055346e-24bf-40a1-a56d-c45ecbd431c5",
            "quiz_id": null,
            "episode_type": null,
            "title": "Overview [Pattern 2]",
            "resources": [],
            "video": null,
            "quiz": null,
            "__typename": "Episode"
          },
          {
            "id": "bbc0001b-bedd-47cb-8724-c436a1c68e62",
            "item_order": 6,
            "course_id": "47be4a4f-f27e-4d43-87c0-9858c097a4ef",
            "module_id": "0055346e-24bf-40a1-a56d-c45ecbd431c5",
            "quiz_id": null,
            "episode_type": null,
            "title": "Overview [Pattern 3]",
            "resources": [],
            "video": null,
            "quiz": null,
            "__typename": "Episode"
          },
          {
            "id": "27688442-c3c0-4d34-8571-09125e66f7b7",
            "item_order": 7,
            "course_id": "47be4a4f-f27e-4d43-87c0-9858c097a4ef",
            "module_id": "0055346e-24bf-40a1-a56d-c45ecbd431c5",
            "quiz_id": null,
            "episode_type": null,
            "title": "Quiz 2",
            "resources": [],
            "video": null,
            "quiz": null,
            "__typename": "Episode"
          },
          {
            "id": "52fc2146-eb94-4ef6-b5f2-8fcd42a2c9a1",
            "item_order": 8,
            "course_id": "47be4a4f-f27e-4d43-87c0-9858c097a4ef",
            "module_id": "0055346e-24bf-40a1-a56d-c45ecbd431c5",
            "quiz_id": null,
            "episode_type": null,
            "title": "Quiz 3",
            "resources": [],
            "video": null,
            "quiz": null,
            "__typename": "Episode"
          }
        ],
        "__typename": "Module"
      },
      {
        "id": "1791907c-0a2e-4af7-b5df-110bd01ec12d",
        "title": "New Module Copy",
        "course_id": "47be4a4f-f27e-4d43-87c0-9858c097a4ef",
        "item_order": 3,
        "item_path": "na4/47be4a4f-f27e-4d43-87c0-9858c097a4ef/MODULE",
        "episodes": [
          {
            "id": "1e27ed9e-55d0-4231-bbd4-2e1653a0e4c9",
            "item_order": 0,
            "course_id": "47be4a4f-f27e-4d43-87c0-9858c097a4ef",
            "module_id": "1791907c-0a2e-4af7-b5df-110bd01ec12d",
            "quiz_id": null,
            "episode_type": "video",
            "title": "React GraphQL",
            "resources": [],
            "video": {
              "id": "be0e752d-a793-47bf-8782-d87a65217428",
              "duration": 82.96,
              "access_mode": "public",
              "public_id": "omniducate_tenants/kcbqqsvvlvmlwbgxvmk9",
              "secure_url": "https://res.cloudinary.com/cloud-itinerary-ltd/video/upload/v1594667667/omniducate_tenants/kcbqqsvvlvmlwbgxvmk9.mp4",
              "name": "01-react-course-introduction-graphql-with-react-and-apollo-client-SygDpDgJE.mp4",
              "bytes": 5773116,
              "format": null,
              "__typename": "Video"
            },
            "quiz": null,
            "__typename": "Episode"
          },
          {
            "id": "71ea5e35-569b-4c81-8171-2b4bd7682f03",
            "item_order": 1,
            "course_id": "47be4a4f-f27e-4d43-87c0-9858c097a4ef",
            "module_id": "1791907c-0a2e-4af7-b5df-110bd01ec12d",
            "quiz_id": null,
            "episode_type": "video",
            "title": "New Episode 4",
            "resources": [
              {
                "id": "2ce0829e-19b9-4965-8cf0-348b6b23101e",
                "episode_id": "71ea5e35-569b-4c81-8171-2b4bd7682f03",
                "module_id": "1791907c-0a2e-4af7-b5df-110bd01ec12d",
                "course_id": "47be4a4f-f27e-4d43-87c0-9858c097a4ef",
                "s3_resource": null,
                "name": "apache_spark_tutorial",
                "link": "https://res.cloudinary.com/cloud-itinerary-ltd/image/upload/v1595230679/ybdgdgucsbgyt6wi1wjj.pdf",
                "__typename": "Resource"
              },
              {
                "id": "2e48e491-5e50-4943-bca0-14fa78ea1282",
                "episode_id": "71ea5e35-569b-4c81-8171-2b4bd7682f03",
                "module_id": "1791907c-0a2e-4af7-b5df-110bd01ec12d",
                "course_id": "47be4a4f-f27e-4d43-87c0-9858c097a4ef",
                "s3_resource": null,
                "name": "ScalaByExample",
                "link": "https://res.cloudinary.com/cloud-itinerary-ltd/image/upload/v1595246835/rx6zriliadlfkl24m3zp.pdf",
                "__typename": "Resource"
              },
              {
                "id": "332ed295-7401-4c25-a134-c7d2ddc5af6c",
                "episode_id": "71ea5e35-569b-4c81-8171-2b4bd7682f03",
                "module_id": "71ea5e35-569b-4c81-8171-2b4bd7682f03",
                "course_id": "47be4a4f-f27e-4d43-87c0-9858c097a4ef",
                "s3_resource": "{\"bucket\":\"omniducate-tenants\",\"region\":\"us-east-1\",\"key\":\"na4/Crossover-assignment.pdf\"}",
                "name": "Crossover-assignment.pdf",
                "link": "https://res.cloudinary.com/cloud-itinerary-ltd/image/upload/v1595228933/Crossover-assignment.pdf",
                "__typename": "Resource"
              },
              {
                "id": "4cb33883-ed7c-45de-a0d7-56887ca4fc03",
                "episode_id": "71ea5e35-569b-4c81-8171-2b4bd7682f03",
                "module_id": "1791907c-0a2e-4af7-b5df-110bd01ec12d",
                "course_id": "47be4a4f-f27e-4d43-87c0-9858c097a4ef",
                "s3_resource": null,
                "name": "apache_spark_tutorial",
                "link": "https://res.cloudinary.com/cloud-itinerary-ltd/image/upload/v1595230679/ybdgdgucsbgyt6wi1wjj.pdf",
                "__typename": "Resource"
              },
              {
                "id": "a2207670-8723-41cf-ad7b-0bd659620d88",
                "episode_id": "71ea5e35-569b-4c81-8171-2b4bd7682f03",
                "module_id": "1791907c-0a2e-4af7-b5df-110bd01ec12d",
                "course_id": "47be4a4f-f27e-4d43-87c0-9858c097a4ef",
                "s3_resource": null,
                "name": "ScalaByExample",
                "link": "https://res.cloudinary.com/cloud-itinerary-ltd/image/upload/v1595246835/rx6zriliadlfkl24m3zp.pdf",
                "__typename": "Resource"
              }
            ],
            "video": null,
            "quiz": null,
            "__typename": "Episode"
          }
        ],
        "__typename": "Module"
      },
      {
        "id": "a5cf0671-e47f-43be-a9c5-ce3465fa589e",
        "title": "[Pattern 1]",
        "course_id": "47be4a4f-f27e-4d43-87c0-9858c097a4ef",
        "item_order": 4,
        "item_path": "na4/47be4a4f-f27e-4d43-87c0-9858c097a4ef/MODULE",
        "episodes": [
          {
            "id": "68ee8b4e-0f56-4c19-a368-f685c5217f79",
            "item_order": 0,
            "course_id": "47be4a4f-f27e-4d43-87c0-9858c097a4ef",
            "module_id": "a5cf0671-e47f-43be-a9c5-ce3465fa589e",
            "quiz_id": null,
            "episode_type": null,
            "title": "Unit objectives",
            "resources": [],
            "video": null,
            "quiz": null,
            "__typename": "Episode"
          },
          {
            "id": "a58355cc-b321-4724-8286-6cf4fd501f1a",
            "item_order": 1,
            "course_id": "47be4a4f-f27e-4d43-87c0-9858c097a4ef",
            "module_id": "a5cf0671-e47f-43be-a9c5-ce3465fa589e",
            "quiz_id": null,
            "episode_type": null,
            "title": "[Pattern 1] basics",
            "resources": [],
            "video": null,
            "quiz": null,
            "__typename": "Episode"
          },
          {
            "id": "19dc95a1-affc-4e41-b870-005586dc726f",
            "item_order": 2,
            "course_id": "47be4a4f-f27e-4d43-87c0-9858c097a4ef",
            "module_id": "a5cf0671-e47f-43be-a9c5-ce3465fa589e",
            "quiz_id": null,
            "episode_type": null,
            "title": "1st assignment",
            "resources": [],
            "video": null,
            "quiz": null,
            "__typename": "Episode"
          },
          {
            "id": "bb74815c-a4f6-4773-9abd-545a465f7bca",
            "item_order": 3,
            "course_id": "47be4a4f-f27e-4d43-87c0-9858c097a4ef",
            "module_id": "a5cf0671-e47f-43be-a9c5-ce3465fa589e",
            "quiz_id": null,
            "episode_type": null,
            "title": "Assignment review",
            "resources": [],
            "video": null,
            "quiz": null,
            "__typename": "Episode"
          },
          {
            "id": "10376275-de03-47d1-81f5-a36c8d071b7a",
            "item_order": 4,
            "course_id": "47be4a4f-f27e-4d43-87c0-9858c097a4ef",
            "module_id": "a5cf0671-e47f-43be-a9c5-ce3465fa589e",
            "quiz_id": null,
            "episode_type": null,
            "title": "Assignment solution",
            "resources": [],
            "video": null,
            "quiz": null,
            "__typename": "Episode"
          },
          {
            "id": "4375f044-7ab8-4735-a824-af735f35a8d6",
            "item_order": 5,
            "course_id": "47be4a4f-f27e-4d43-87c0-9858c097a4ef",
            "module_id": "a5cf0671-e47f-43be-a9c5-ce3465fa589e",
            "quiz_id": null,
            "episode_type": null,
            "title": "[Pattern 1] – drill-in 1",
            "resources": [],
            "video": null,
            "quiz": null,
            "__typename": "Episode"
          },
          {
            "id": "f6e93e7b-2475-4a32-8758-bb829f45e4e8",
            "item_order": 6,
            "course_id": "47be4a4f-f27e-4d43-87c0-9858c097a4ef",
            "module_id": "a5cf0671-e47f-43be-a9c5-ce3465fa589e",
            "quiz_id": null,
            "episode_type": null,
            "title": "Quiz",
            "resources": [],
            "video": null,
            "quiz": null,
            "__typename": "Episode"
          },
          {
            "id": "d8ccb247-6346-4dc5-aef7-bb15f78adb57",
            "item_order": 7,
            "course_id": "47be4a4f-f27e-4d43-87c0-9858c097a4ef",
            "module_id": "a5cf0671-e47f-43be-a9c5-ce3465fa589e",
            "quiz_id": null,
            "episode_type": null,
            "title": "[Pattern 1] – drill-in 2",
            "resources": [],
            "video": null,
            "quiz": null,
            "__typename": "Episode"
          }
        ],
        "__typename": "Module"
      },
      {
        "id": "900fb2b4-2ec6-4bdc-b3d2-609b9a39bc1a",
        "title": "[Pattern 2]",
        "course_id": "47be4a4f-f27e-4d43-87c0-9858c097a4ef",
        "item_order": 5,
        "item_path": "na4/47be4a4f-f27e-4d43-87c0-9858c097a4ef/MODULE",
        "episodes": [
          {
            "id": "76803b7b-cfbb-4c3f-bbfb-d16449617692",
            "item_order": 0,
            "course_id": "47be4a4f-f27e-4d43-87c0-9858c097a4ef",
            "module_id": "900fb2b4-2ec6-4bdc-b3d2-609b9a39bc1a",
            "quiz_id": null,
            "episode_type": null,
            "title": "Unit objectives",
            "resources": [],
            "video": null,
            "quiz": null,
            "__typename": "Episode"
          },
          {
            "id": "f6e505ff-fbe8-45da-89dd-0d86c4d6231a",
            "item_order": 1,
            "course_id": "47be4a4f-f27e-4d43-87c0-9858c097a4ef",
            "module_id": "900fb2b4-2ec6-4bdc-b3d2-609b9a39bc1a",
            "quiz_id": null,
            "episode_type": null,
            "title": "[Pattern 2] basics",
            "resources": [],
            "video": null,
            "quiz": null,
            "__typename": "Episode"
          },
          {
            "id": "7af4c311-cdcb-4ca4-931a-e6fdfb004086",
            "item_order": 2,
            "course_id": "47be4a4f-f27e-4d43-87c0-9858c097a4ef",
            "module_id": "900fb2b4-2ec6-4bdc-b3d2-609b9a39bc1a",
            "quiz_id": null,
            "episode_type": null,
            "title": "2nd assignment",
            "resources": [],
            "video": null,
            "quiz": null,
            "__typename": "Episode"
          },
          {
            "id": "14494508-0e7e-47b5-bf77-abd12f2129f7",
            "item_order": 3,
            "course_id": "47be4a4f-f27e-4d43-87c0-9858c097a4ef",
            "module_id": "900fb2b4-2ec6-4bdc-b3d2-609b9a39bc1a",
            "quiz_id": null,
            "episode_type": null,
            "title": "Assignment review",
            "resources": [],
            "video": null,
            "quiz": null,
            "__typename": "Episode"
          },
          {
            "id": "33a3f186-6bcc-4e65-a920-783757fa758f",
            "item_order": 4,
            "course_id": "47be4a4f-f27e-4d43-87c0-9858c097a4ef",
            "module_id": "900fb2b4-2ec6-4bdc-b3d2-609b9a39bc1a",
            "quiz_id": null,
            "episode_type": null,
            "title": "Assignment solution",
            "resources": [],
            "video": null,
            "quiz": null,
            "__typename": "Episode"
          },
          {
            "id": "1036e8bd-7048-440a-8f5f-96e1649b6837",
            "item_order": 5,
            "course_id": "47be4a4f-f27e-4d43-87c0-9858c097a4ef",
            "module_id": "900fb2b4-2ec6-4bdc-b3d2-609b9a39bc1a",
            "quiz_id": null,
            "episode_type": null,
            "title": "[Pattern 2] – drill-in 2",
            "resources": [],
            "video": null,
            "quiz": null,
            "__typename": "Episode"
          },
          {
            "id": "8b405c7a-462a-46b0-afbc-83ebbd4f25ad",
            "item_order": 6,
            "course_id": "47be4a4f-f27e-4d43-87c0-9858c097a4ef",
            "module_id": "900fb2b4-2ec6-4bdc-b3d2-609b9a39bc1a",
            "quiz_id": null,
            "episode_type": null,
            "title": "[Pattern 2] – drill-in 1",
            "resources": [],
            "video": null,
            "quiz": null,
            "__typename": "Episode"
          },
          {
            "id": "7b6c271c-4834-4e63-9847-d8a65bef73d9",
            "item_order": 7,
            "course_id": "47be4a4f-f27e-4d43-87c0-9858c097a4ef",
            "module_id": "900fb2b4-2ec6-4bdc-b3d2-609b9a39bc1a",
            "quiz_id": null,
            "episode_type": null,
            "title": "Quiz",
            "resources": [],
            "video": null,
            "quiz": null,
            "__typename": "Episode"
          }
        ],
        "__typename": "Module"
      },
      {
        "id": "2351700a-0229-49f8-9acd-c7f4b7790d76",
        "title": "[Pattern 3]",
        "course_id": "47be4a4f-f27e-4d43-87c0-9858c097a4ef",
        "item_order": 6,
        "item_path": "na4/47be4a4f-f27e-4d43-87c0-9858c097a4ef/MODULE",
        "episodes": [
          {
            "id": "936f012b-ab06-482b-9cf2-dd52c551f558",
            "item_order": 0,
            "course_id": "47be4a4f-f27e-4d43-87c0-9858c097a4ef",
            "module_id": "2351700a-0229-49f8-9acd-c7f4b7790d76",
            "quiz_id": null,
            "episode_type": null,
            "title": "Unit objectives",
            "resources": [],
            "video": null,
            "quiz": null,
            "__typename": "Episode"
          },
          {
            "id": "ad52af89-6ba5-4ec1-a36c-dbdda4499c21",
            "item_order": 1,
            "course_id": "47be4a4f-f27e-4d43-87c0-9858c097a4ef",
            "module_id": "2351700a-0229-49f8-9acd-c7f4b7790d76",
            "quiz_id": null,
            "episode_type": null,
            "title": "[Pattern 3] basics",
            "resources": [],
            "video": null,
            "quiz": null,
            "__typename": "Episode"
          },
          {
            "id": "daecc372-cb68-4c97-b59e-18ec13114bde",
            "item_order": 2,
            "course_id": "47be4a4f-f27e-4d43-87c0-9858c097a4ef",
            "module_id": "2351700a-0229-49f8-9acd-c7f4b7790d76",
            "quiz_id": null,
            "episode_type": null,
            "title": "3rd assignment",
            "resources": [],
            "video": null,
            "quiz": null,
            "__typename": "Episode"
          },
          {
            "id": "dc8f5499-869b-4dd2-8e60-43794b969505",
            "item_order": 3,
            "course_id": "47be4a4f-f27e-4d43-87c0-9858c097a4ef",
            "module_id": "2351700a-0229-49f8-9acd-c7f4b7790d76",
            "quiz_id": null,
            "episode_type": null,
            "title": "Assignment review",
            "resources": [],
            "video": null,
            "quiz": null,
            "__typename": "Episode"
          },
          {
            "id": "8619f051-0ad1-41b0-9cba-e4f93516713a",
            "item_order": 4,
            "course_id": "47be4a4f-f27e-4d43-87c0-9858c097a4ef",
            "module_id": "2351700a-0229-49f8-9acd-c7f4b7790d76",
            "quiz_id": null,
            "episode_type": null,
            "title": "[Pattern 3] – drill-in 1",
            "resources": [],
            "video": null,
            "quiz": null,
            "__typename": "Episode"
          },
          {
            "id": "dd1b7a4e-861d-4171-b874-61bb064f9dde",
            "item_order": 5,
            "course_id": "47be4a4f-f27e-4d43-87c0-9858c097a4ef",
            "module_id": "2351700a-0229-49f8-9acd-c7f4b7790d76",
            "quiz_id": null,
            "episode_type": null,
            "title": "[Pattern 3] – drill-in 2",
            "resources": [],
            "video": null,
            "quiz": null,
            "__typename": "Episode"
          },
          {
            "id": "ce46d632-8a2d-441c-943e-373f09331b52",
            "item_order": 6,
            "course_id": "47be4a4f-f27e-4d43-87c0-9858c097a4ef",
            "module_id": "2351700a-0229-49f8-9acd-c7f4b7790d76",
            "quiz_id": null,
            "episode_type": null,
            "title": "Quiz",
            "resources": [],
            "video": null,
            "quiz": null,
            "__typename": "Episode"
          }
        ],
        "__typename": "Module"
      },
      {
        "id": "639338ef-98ba-4425-b1fd-8eba5d6ae27d",
        "title": "[Pattern 4]",
        "course_id": "47be4a4f-f27e-4d43-87c0-9858c097a4ef",
        "item_order": 7,
        "item_path": "na4/47be4a4f-f27e-4d43-87c0-9858c097a4ef/MODULE",
        "episodes": [
          {
            "id": "b65d7bfe-7969-45f2-9586-7e6fe17cec49",
            "item_order": 0,
            "course_id": "47be4a4f-f27e-4d43-87c0-9858c097a4ef",
            "module_id": "639338ef-98ba-4425-b1fd-8eba5d6ae27d",
            "quiz_id": null,
            "episode_type": null,
            "title": "Unit objectives",
            "resources": [],
            "video": null,
            "quiz": null,
            "__typename": "Episode"
          },
          {
            "id": "f7857ec1-a836-4275-9c12-214e203d0a4b",
            "item_order": 1,
            "course_id": "47be4a4f-f27e-4d43-87c0-9858c097a4ef",
            "module_id": "639338ef-98ba-4425-b1fd-8eba5d6ae27d",
            "quiz_id": null,
            "episode_type": null,
            "title": "[Pattern 4] basics",
            "resources": [],
            "video": null,
            "quiz": null,
            "__typename": "Episode"
          },
          {
            "id": "67d34bdc-2bb7-486b-bd08-2b8f59fbf3c1",
            "item_order": 2,
            "course_id": "47be4a4f-f27e-4d43-87c0-9858c097a4ef",
            "module_id": "639338ef-98ba-4425-b1fd-8eba5d6ae27d",
            "quiz_id": null,
            "episode_type": null,
            "title": "4th assignment",
            "resources": [],
            "video": null,
            "quiz": null,
            "__typename": "Episode"
          },
          {
            "id": "372a9278-ced0-4cae-9834-82e4eca026ea",
            "item_order": 3,
            "course_id": "47be4a4f-f27e-4d43-87c0-9858c097a4ef",
            "module_id": "639338ef-98ba-4425-b1fd-8eba5d6ae27d",
            "quiz_id": null,
            "episode_type": null,
            "title": "Assignment review",
            "resources": [],
            "video": null,
            "quiz": null,
            "__typename": "Episode"
          },
          {
            "id": "2dfa1410-6e37-4d85-8659-574abeda2a2a",
            "item_order": 4,
            "course_id": "47be4a4f-f27e-4d43-87c0-9858c097a4ef",
            "module_id": "639338ef-98ba-4425-b1fd-8eba5d6ae27d",
            "quiz_id": null,
            "episode_type": null,
            "title": "Assignment solution",
            "resources": [],
            "video": null,
            "quiz": null,
            "__typename": "Episode"
          },
          {
            "id": "ac50b92f-2228-454e-9b8b-ca3a261ab721",
            "item_order": 5,
            "course_id": "47be4a4f-f27e-4d43-87c0-9858c097a4ef",
            "module_id": "639338ef-98ba-4425-b1fd-8eba5d6ae27d",
            "quiz_id": null,
            "episode_type": null,
            "title": "[Pattern 4] – drill-in 1",
            "resources": [],
            "video": null,
            "quiz": null,
            "__typename": "Episode"
          },
          {
            "id": "42cb6413-f032-4ec5-98ba-af3009f8f0ff",
            "item_order": 6,
            "course_id": "47be4a4f-f27e-4d43-87c0-9858c097a4ef",
            "module_id": "639338ef-98ba-4425-b1fd-8eba5d6ae27d",
            "quiz_id": null,
            "episode_type": null,
            "title": "[Pattern 4] – drill-in 2",
            "resources": [],
            "video": null,
            "quiz": null,
            "__typename": "Episode"
          },
          {
            "id": "4849b93e-6f89-4339-9ad8-7cac0f173be5",
            "item_order": 7,
            "course_id": "47be4a4f-f27e-4d43-87c0-9858c097a4ef",
            "module_id": "639338ef-98ba-4425-b1fd-8eba5d6ae27d",
            "quiz_id": null,
            "episode_type": null,
            "title": "Quiz",
            "resources": [],
            "video": null,
            "quiz": null,
            "__typename": "Episode"
          }
        ],
        "__typename": "Module"
      },
      {
        "id": "c01d2174-ecbb-4c69-9b97-8bb7b372e387",
        "title": "Real world scenario 1",
        "course_id": "47be4a4f-f27e-4d43-87c0-9858c097a4ef",
        "item_order": 8,
        "item_path": "na4/47be4a4f-f27e-4d43-87c0-9858c097a4ef/MODULE",
        "episodes": [
          {
            "id": "d2e776d6-93f3-41cb-802e-9673148189c7",
            "item_order": 0,
            "course_id": "47be4a4f-f27e-4d43-87c0-9858c097a4ef",
            "module_id": "c01d2174-ecbb-4c69-9b97-8bb7b372e387",
            "quiz_id": null,
            "episode_type": null,
            "title": "Assignment solution",
            "resources": [],
            "video": null,
            "quiz": null,
            "__typename": "Episode"
          },
          {
            "id": "202e4d21-8795-4dc6-aabf-5d81d80116f6",
            "item_order": 1,
            "course_id": "47be4a4f-f27e-4d43-87c0-9858c097a4ef",
            "module_id": "c01d2174-ecbb-4c69-9b97-8bb7b372e387",
            "quiz_id": null,
            "episode_type": null,
            "title": "Unit objectives",
            "resources": [],
            "video": null,
            "quiz": null,
            "__typename": "Episode"
          },
          {
            "id": "f580857d-5a80-4b5b-9e34-5a42a6fdbbd9",
            "item_order": 2,
            "course_id": "47be4a4f-f27e-4d43-87c0-9858c097a4ef",
            "module_id": "c01d2174-ecbb-4c69-9b97-8bb7b372e387",
            "quiz_id": null,
            "episode_type": null,
            "title": "Real-world scenario",
            "resources": [],
            "video": null,
            "quiz": null,
            "__typename": "Episode"
          },
          {
            "id": "773dd60f-767a-48aa-abe9-992882f29063",
            "item_order": 3,
            "course_id": "47be4a4f-f27e-4d43-87c0-9858c097a4ef",
            "module_id": "c01d2174-ecbb-4c69-9b97-8bb7b372e387",
            "quiz_id": null,
            "episode_type": null,
            "title": "Scenario description",
            "resources": [],
            "video": null,
            "quiz": null,
            "__typename": "Episode"
          },
          {
            "id": "f9186174-ae33-48cc-962c-c3d64168f34e",
            "item_order": 4,
            "course_id": "47be4a4f-f27e-4d43-87c0-9858c097a4ef",
            "module_id": "c01d2174-ecbb-4c69-9b97-8bb7b372e387",
            "quiz_id": null,
            "episode_type": null,
            "title": "Scenario assignment",
            "resources": [],
            "video": null,
            "quiz": null,
            "__typename": "Episode"
          },
          {
            "id": "ec763ed4-d22d-43a9-8bec-4d2aed211e59",
            "item_order": 5,
            "course_id": "47be4a4f-f27e-4d43-87c0-9858c097a4ef",
            "module_id": "c01d2174-ecbb-4c69-9b97-8bb7b372e387",
            "quiz_id": null,
            "episode_type": null,
            "title": "Scenario solution",
            "resources": [],
            "video": null,
            "quiz": null,
            "__typename": "Episode"
          },
          {
            "id": "1fe22919-3db6-472a-a53d-0a807b121a21",
            "item_order": 6,
            "course_id": "47be4a4f-f27e-4d43-87c0-9858c097a4ef",
            "module_id": "c01d2174-ecbb-4c69-9b97-8bb7b372e387",
            "quiz_id": null,
            "episode_type": null,
            "title": "Scenario solution - link",
            "resources": [],
            "video": null,
            "quiz": null,
            "__typename": "Episode"
          },
          {
            "id": "32b3de3c-26df-4141-97a6-7eefd3724a0a",
            "item_order": 7,
            "course_id": "47be4a4f-f27e-4d43-87c0-9858c097a4ef",
            "module_id": "c01d2174-ecbb-4c69-9b97-8bb7b372e387",
            "quiz_id": null,
            "episode_type": null,
            "title": "External resources",
            "resources": [],
            "video": null,
            "quiz": null,
            "__typename": "Episode"
          }
        ],
        "__typename": "Module"
      },
      {
        "id": "656ee6cb-83c1-4122-bec0-a8bcad320eff",
        "title": "[Pattern 5]",
        "course_id": "47be4a4f-f27e-4d43-87c0-9858c097a4ef",
        "item_order": 9,
        "item_path": "na4/47be4a4f-f27e-4d43-87c0-9858c097a4ef/MODULE",
        "episodes": [
          {
            "id": "67454a65-376a-4870-acaf-c852849dc87a",
            "item_order": 0,
            "course_id": "47be4a4f-f27e-4d43-87c0-9858c097a4ef",
            "module_id": "656ee6cb-83c1-4122-bec0-a8bcad320eff",
            "quiz_id": null,
            "episode_type": null,
            "title": "Unit objectives",
            "resources": [],
            "video": null,
            "quiz": null,
            "__typename": "Episode"
          },
          {
            "id": "64902488-b949-4a8f-a09d-3a97be6bb089",
            "item_order": 1,
            "course_id": "47be4a4f-f27e-4d43-87c0-9858c097a4ef",
            "module_id": "656ee6cb-83c1-4122-bec0-a8bcad320eff",
            "quiz_id": null,
            "episode_type": null,
            "title": "[Pattern 5] basics",
            "resources": [],
            "video": null,
            "quiz": null,
            "__typename": "Episode"
          },
          {
            "id": "c360872c-b8f7-421b-b5f8-1282c836ad70",
            "item_order": 2,
            "course_id": "47be4a4f-f27e-4d43-87c0-9858c097a4ef",
            "module_id": "656ee6cb-83c1-4122-bec0-a8bcad320eff",
            "quiz_id": null,
            "episode_type": null,
            "title": "5th assignment",
            "resources": [],
            "video": null,
            "quiz": null,
            "__typename": "Episode"
          },
          {
            "id": "6ab038b7-de7d-4531-aef1-c81099ba8332",
            "item_order": 3,
            "course_id": "47be4a4f-f27e-4d43-87c0-9858c097a4ef",
            "module_id": "656ee6cb-83c1-4122-bec0-a8bcad320eff",
            "quiz_id": null,
            "episode_type": null,
            "title": "Assignment review",
            "resources": [],
            "video": null,
            "quiz": null,
            "__typename": "Episode"
          },
          {
            "id": "a2148346-330c-4755-b3ac-458f7a928e8c",
            "item_order": 4,
            "course_id": "47be4a4f-f27e-4d43-87c0-9858c097a4ef",
            "module_id": "656ee6cb-83c1-4122-bec0-a8bcad320eff",
            "quiz_id": null,
            "episode_type": null,
            "title": "Assignment solution",
            "resources": [],
            "video": null,
            "quiz": null,
            "__typename": "Episode"
          },
          {
            "id": "d9501aee-39e0-4795-ba3c-1c3faddcd3d8",
            "item_order": 5,
            "course_id": "47be4a4f-f27e-4d43-87c0-9858c097a4ef",
            "module_id": "656ee6cb-83c1-4122-bec0-a8bcad320eff",
            "quiz_id": null,
            "episode_type": null,
            "title": "[Pattern 5] – drill-in 1",
            "resources": [],
            "video": null,
            "quiz": null,
            "__typename": "Episode"
          },
          {
            "id": "d003305e-1c12-4463-8a72-9e952e32e9cb",
            "item_order": 6,
            "course_id": "47be4a4f-f27e-4d43-87c0-9858c097a4ef",
            "module_id": "656ee6cb-83c1-4122-bec0-a8bcad320eff",
            "quiz_id": null,
            "episode_type": null,
            "title": "[Pattern 5] – drill-in 2",
            "resources": [],
            "video": null,
            "quiz": null,
            "__typename": "Episode"
          },
          {
            "id": "bcb18d2b-88eb-4826-8547-d21e4928bce2",
            "item_order": 7,
            "course_id": "47be4a4f-f27e-4d43-87c0-9858c097a4ef",
            "module_id": "656ee6cb-83c1-4122-bec0-a8bcad320eff",
            "quiz_id": null,
            "episode_type": null,
            "title": "Quiz",
            "resources": [],
            "video": null,
            "quiz": null,
            "__typename": "Episode"
          }
        ],
        "__typename": "Module"
      },
      {
        "id": "4c505f97-c868-495b-a93f-c185f7521f87",
        "title": "Real world scenario 2",
        "course_id": "47be4a4f-f27e-4d43-87c0-9858c097a4ef",
        "item_order": 10,
        "item_path": "na4/47be4a4f-f27e-4d43-87c0-9858c097a4ef/MODULE",
        "episodes": [
          {
            "id": "b93214e3-5972-479b-9bc2-0755caeb762b",
            "item_order": 0,
            "course_id": "47be4a4f-f27e-4d43-87c0-9858c097a4ef",
            "module_id": "4c505f97-c868-495b-a93f-c185f7521f87",
            "quiz_id": null,
            "episode_type": null,
            "title": "Unit objectives",
            "resources": [],
            "video": null,
            "quiz": null,
            "__typename": "Episode"
          },
          {
            "id": "fddc9f02-1ec1-4736-9c3b-5728ec4d253c",
            "item_order": 1,
            "course_id": "47be4a4f-f27e-4d43-87c0-9858c097a4ef",
            "module_id": "4c505f97-c868-495b-a93f-c185f7521f87",
            "quiz_id": null,
            "episode_type": null,
            "title": "Real-world scenario",
            "resources": [],
            "video": null,
            "quiz": null,
            "__typename": "Episode"
          },
          {
            "id": "73cdbd6f-d464-4190-a84c-83aa1eeffb9c",
            "item_order": 2,
            "course_id": "47be4a4f-f27e-4d43-87c0-9858c097a4ef",
            "module_id": "4c505f97-c868-495b-a93f-c185f7521f87",
            "quiz_id": null,
            "episode_type": null,
            "title": "Scenario description",
            "resources": [],
            "video": null,
            "quiz": null,
            "__typename": "Episode"
          },
          {
            "id": "264ae76d-590f-4de2-823d-dee45eebfe26",
            "item_order": 3,
            "course_id": "47be4a4f-f27e-4d43-87c0-9858c097a4ef",
            "module_id": "4c505f97-c868-495b-a93f-c185f7521f87",
            "quiz_id": null,
            "episode_type": null,
            "title": "Scenario assignment",
            "resources": [],
            "video": null,
            "quiz": null,
            "__typename": "Episode"
          },
          {
            "id": "9fabc66b-2907-4c30-b751-d7045f984d45",
            "item_order": 4,
            "course_id": "47be4a4f-f27e-4d43-87c0-9858c097a4ef",
            "module_id": "4c505f97-c868-495b-a93f-c185f7521f87",
            "quiz_id": null,
            "episode_type": null,
            "title": "Scenario solution",
            "resources": [],
            "video": null,
            "quiz": null,
            "__typename": "Episode"
          },
          {
            "id": "cc1ebb0a-14cc-42ce-8243-e21288473355",
            "item_order": 5,
            "course_id": "47be4a4f-f27e-4d43-87c0-9858c097a4ef",
            "module_id": "4c505f97-c868-495b-a93f-c185f7521f87",
            "quiz_id": null,
            "episode_type": null,
            "title": "Scenario solution - link",
            "resources": [],
            "video": null,
            "quiz": null,
            "__typename": "Episode"
          },
          {
            "id": "14152acb-efc8-42ba-9de9-cb13c7ca1073",
            "item_order": 6,
            "course_id": "47be4a4f-f27e-4d43-87c0-9858c097a4ef",
            "module_id": "4c505f97-c868-495b-a93f-c185f7521f87",
            "quiz_id": null,
            "episode_type": null,
            "title": "External resources",
            "resources": [],
            "video": null,
            "quiz": null,
            "__typename": "Episode"
          }
        ],
        "__typename": "Module"
      },
      {
        "id": "5efa4f02-ef5b-4e14-bc9a-1cbbbc184888",
        "title": "[Pattern 6]",
        "course_id": "47be4a4f-f27e-4d43-87c0-9858c097a4ef",
        "item_order": 11,
        "item_path": "na4/47be4a4f-f27e-4d43-87c0-9858c097a4ef/MODULE",
        "episodes": [
          {
            "id": "1c596a35-434c-4020-8598-413f68c0f7b6",
            "item_order": 0,
            "course_id": "47be4a4f-f27e-4d43-87c0-9858c097a4ef",
            "module_id": "5efa4f02-ef5b-4e14-bc9a-1cbbbc184888",
            "quiz_id": null,
            "episode_type": null,
            "title": "Unit objectives",
            "resources": [],
            "video": null,
            "quiz": null,
            "__typename": "Episode"
          },
          {
            "id": "13ff6529-42d1-41f4-ba9e-c5cfda07e2ba",
            "item_order": 1,
            "course_id": "47be4a4f-f27e-4d43-87c0-9858c097a4ef",
            "module_id": "5efa4f02-ef5b-4e14-bc9a-1cbbbc184888",
            "quiz_id": null,
            "episode_type": null,
            "title": "[Pattern 6] basics",
            "resources": [],
            "video": null,
            "quiz": null,
            "__typename": "Episode"
          },
          {
            "id": "92e2c47a-0a00-4d8e-9dd4-cf26801fd4f4",
            "item_order": 2,
            "course_id": "47be4a4f-f27e-4d43-87c0-9858c097a4ef",
            "module_id": "5efa4f02-ef5b-4e14-bc9a-1cbbbc184888",
            "quiz_id": null,
            "episode_type": null,
            "title": "6th assignment",
            "resources": [],
            "video": null,
            "quiz": null,
            "__typename": "Episode"
          },
          {
            "id": "518c72d8-fe4c-423d-b611-e5a887b3f98a",
            "item_order": 3,
            "course_id": "47be4a4f-f27e-4d43-87c0-9858c097a4ef",
            "module_id": "5efa4f02-ef5b-4e14-bc9a-1cbbbc184888",
            "quiz_id": null,
            "episode_type": null,
            "title": "Assignment review",
            "resources": [],
            "video": null,
            "quiz": null,
            "__typename": "Episode"
          },
          {
            "id": "a6285e0e-e1ef-4621-9954-d7d91f24548e",
            "item_order": 4,
            "course_id": "47be4a4f-f27e-4d43-87c0-9858c097a4ef",
            "module_id": "5efa4f02-ef5b-4e14-bc9a-1cbbbc184888",
            "quiz_id": null,
            "episode_type": null,
            "title": "Assignment solution",
            "resources": [],
            "video": null,
            "quiz": null,
            "__typename": "Episode"
          },
          {
            "id": "c4b43ab6-2a79-42b9-a123-bf48a45230a1",
            "item_order": 5,
            "course_id": "47be4a4f-f27e-4d43-87c0-9858c097a4ef",
            "module_id": "5efa4f02-ef5b-4e14-bc9a-1cbbbc184888",
            "quiz_id": null,
            "episode_type": null,
            "title": "[Pattern 6] – drill-in 1",
            "resources": [],
            "video": null,
            "quiz": null,
            "__typename": "Episode"
          },
          {
            "id": "a8d317f5-6270-4f7a-8130-68962c251298",
            "item_order": 6,
            "course_id": "47be4a4f-f27e-4d43-87c0-9858c097a4ef",
            "module_id": "5efa4f02-ef5b-4e14-bc9a-1cbbbc184888",
            "quiz_id": null,
            "episode_type": null,
            "title": "[Pattern 6] – drill-in 2",
            "resources": [],
            "video": null,
            "quiz": null,
            "__typename": "Episode"
          },
          {
            "id": "df8cc75f-b761-484b-9a1f-05bf07f67d9b",
            "item_order": 7,
            "course_id": "47be4a4f-f27e-4d43-87c0-9858c097a4ef",
            "module_id": "5efa4f02-ef5b-4e14-bc9a-1cbbbc184888",
            "quiz_id": null,
            "episode_type": null,
            "title": "Quiz",
            "resources": [],
            "video": null,
            "quiz": null,
            "__typename": "Episode"
          }
        ],
        "__typename": "Module"
      },
      {
        "id": "b6e58172-7b5d-4f41-ab3a-f951b51350a3",
        "title": "Final assessment",
        "course_id": "47be4a4f-f27e-4d43-87c0-9858c097a4ef",
        "item_order": 12,
        "item_path": "na4/47be4a4f-f27e-4d43-87c0-9858c097a4ef/MODULE",
        "episodes": [
          {
            "id": "a78dbdc4-466a-4cd6-a8be-caa3daf4f860",
            "item_order": 0,
            "course_id": "47be4a4f-f27e-4d43-87c0-9858c097a4ef",
            "module_id": "b6e58172-7b5d-4f41-ab3a-f951b51350a3",
            "quiz_id": null,
            "episode_type": null,
            "title": "Preparation for final quiz",
            "resources": [],
            "video": null,
            "quiz": null,
            "__typename": "Episode"
          },
          {
            "id": "774b8d30-4da0-4b57-83bf-65b090459c7a",
            "item_order": 1,
            "course_id": "47be4a4f-f27e-4d43-87c0-9858c097a4ef",
            "module_id": "b6e58172-7b5d-4f41-ab3a-f951b51350a3",
            "quiz_id": null,
            "episode_type": null,
            "title": "Final Quiz",
            "resources": [],
            "video": null,
            "quiz": null,
            "__typename": "Episode"
          }
        ],
        "__typename": "Module"
      },
      {
        "id": "67d750f3-7954-4fd5-b6e4-5b8b2619d8b3",
        "title": "Parting words",
        "course_id": "47be4a4f-f27e-4d43-87c0-9858c097a4ef",
        "item_order": 13,
        "item_path": "na4/47be4a4f-f27e-4d43-87c0-9858c097a4ef/MODULE",
        "episodes": [
          {
            "id": "b64589e4-8717-4e4e-8a2e-47b7da0172ee",
            "item_order": 0,
            "course_id": "47be4a4f-f27e-4d43-87c0-9858c097a4ef",
            "module_id": "67d750f3-7954-4fd5-b6e4-5b8b2619d8b3",
            "quiz_id": null,
            "episode_type": null,
            "title": "What you've learned",
            "resources": [],
            "video": null,
            "quiz": null,
            "__typename": "Episode"
          },
          {
            "id": "a3f93f14-bd90-4c2c-8be8-f998e726995b",
            "item_order": 1,
            "course_id": "47be4a4f-f27e-4d43-87c0-9858c097a4ef",
            "module_id": "67d750f3-7954-4fd5-b6e4-5b8b2619d8b3",
            "quiz_id": null,
            "episode_type": null,
            "title": "Where to go from here",
            "resources": [],
            "video": null,
            "quiz": null,
            "__typename": "Episode"
          },
          {
            "id": "5f567966-d7a7-46ab-8987-9684d14c5d97",
            "item_order": 2,
            "course_id": "47be4a4f-f27e-4d43-87c0-9858c097a4ef",
            "module_id": "67d750f3-7954-4fd5-b6e4-5b8b2619d8b3",
            "quiz_id": null,
            "episode_type": null,
            "title": "Thank you!",
            "resources": [],
            "video": null,
            "quiz": null,
            "__typename": "Episode"
          }
        ],
        "__typename": "Module"
      }
    ],
    "__typename": "Course"
  },
  "episode": {
    "id": "5d7860c7-7d79-4c06-952a-f00f06e689d7",
    "item_order": 0,
    "course_id": "47be4a4f-f27e-4d43-87c0-9858c097a4ef",
    "module_id": "56fe1778-4859-4471-a567-c8cd40ed9fa8",
    "quiz_id": "ec24c5fb-2f84-41e1-825e-24f5229e3dc3",
    "episode_type": "quiz",
    "title": "First Quiz",
    "resources": [],
    "video": null,
    "quiz": {
      "id": "ec24c5fb-2f84-41e1-825e-24f5229e3dc3",
      "time_limit_sec": null,
      "quiz_type": "OMNIDUCATE",
      "quiz_name": "first Quiz",
      "questions": [
        {
          "id": "bffdb72a-1ba7-496b-9e35-8bc83c390002",
          "disabled": null,
          "item_order": 0,

          "question_text": "<h1>what <strong>makes</strong> the world go 'round again?</h1><p><img src=\"https://landerapp.com/blog/wp-content/uploads/2017/12/1-3.png\"></p>",
          "answers": [
            "{\"answer_text\":\"<h2><strong><em>First answer</em></strong></h2>\",\"disabled\":false}",
            "{\"answer_text\":\"<p>Answer B</p>\",\"disabled\":false}",
            "{\"answer_text\":\"Answer C\",\"disabled\":false}",
            "{\"answer_text\":\"Answer D\",\"disabled\":false}"
          ],
          "explanation": "gravity...",
          "correct_answer_ids": [0],
          "num_expected_answers": 1,
          "__typename": "QuizQuestion"
        },
        {
          "id": "e60c10ff-e8a8-4f1c-b238-9d94b6856353",
          "disabled": null,
          "item_order": 1,
          "question_text": "why did the chicken cross the road?",
          "answers": [
            "{\"answer_text\":\"Answer A\",\"disabled\":false}",
            "{\"answer_text\":\"Answer B\",\"disabled\":false}",
            "{\"answer_text\":\"Answer C\",\"disabled\":false}",
            "{\"answer_text\":\"Answer D\",\"disabled\":false}"
          ],
          "explanation": "to get to the other side...",
          "correct_answer_ids": [1, 3],
          "num_expected_answers": 2,
          "__typename": "QuizQuestion"
        }
      ],
      "__typename": "Quiz"
    },
    "__typename": "Episode"
  }
}
