{
  "title": "Voluptate mollit cillum excepteur veniam.",
  "sub_title": "Dolor deserunt in anim est commodo labore nisi dolor deserunt.",
  "description": "Elit elit laborum proident cupidatat eu amet amet irure pariatur duis et. Voluptate quis consectetur Lorem enim duis quis nostrud id esse. Occaecat incididunt pariatur reprehenderit eiusmod amet est ex eiusmod eu officia sit. Sit excepteur ea esse ipsum excepteur. Veniam et sint et eu voluptate officia nulla fugiat duis. Ea velit dolore ad ullamco elit Lorem pariatur cillum sit laborum. Cillum quis irure incididunt qui sunt ea minim culpa mollit.",
  "previous_attempts": [
    { "date": "Jul 30, 2020", "score": 75 },
    { "date": "Aug 30, 2020", "score": 44 }
  ],
  "questions": [
    {
      "item_order": 0,
      "question_text": "Esse elit commodo id nostrud eu magna commodo eu quis sit labore nisi incididunt occaecat. Ut veniam reprehenderit est irure irure ut fugiat. Officia officia nostrud consequat cillum consectetur id culpa cillum tempor tempor.",
      "explanation": "Eiusmod minim in exercitation sit et reprehenderit tempor nisi. Adipisicing dolore voluptate laboris dolore labore sint ullamco laboris aliqua est. Esse ut reprehenderit ullamco deserunt. Aliqua tempor nulla magna tempor magna deserunt exercitation. Consequat velit non magna ullamco fugiat reprehenderit aute deserunt. Anim quis elit commodo nostrud veniam Lorem sunt non amet irure.",
      "answers": [
        {
          "answer_text": "Sunt aliqua sint labore voluptate elit Lorem enim magna."
        },
        { "answer_text": "Sunt est mollit ipsum ex nulla ad." },
        { "answer_text": "Officia Lorem Lorem duis aute ex exercitation." },
        { "answer_text": "Veniam aute id consequat consequat." }
      ],
      "correct_answer_ids": ["1","2"],
      "num_expected_answers": 2,
      "domain": "performance"
    },
    {
      "item_order": 1,
      "question_text": "Cupidatat sint voluptate amet velit irure officia. Aute est minim mollit et duis sint laboris sit nulla amet. Dolore nulla Lorem duis ut occaecat ipsum aliquip. Laboris velit amet enim eiusmod pariatur. Voluptate commodo enim dolor aute.",
      "explanation": "Reprehenderit esse Lorem ut in. Eu dolor mollit dolore proident enim. Reprehenderit amet consequat aliquip incididunt commodo Lorem dolor id et velit consequat. Ut nisi deserunt aute quis quis est ex. Occaecat est ullamco elit proident Lorem exercitation ad esse quis mollit consectetur.",
      "answers": [
        {
          "answer_text": "Do sunt sint consequat cupidatat excepteur veniam ad."
        },
        { "answer_text": "Veniam ad adipisicing do voluptate." },
        { "answer_text": "Deserunt dolor aute id amet nulla." },
        { "answer_text": "Lorem do veniam quis pariatur dolore fugiat do." },
        { "answer_text": "Cupidatat excepteur anim consectetur sunt aute." }
      ],
      "correct_answer_ids": ["5"],
      "num_expected_answers": 1,
      "domain": "compliance"
    },
    {
      "item_order": 2,
      "question_text": "Nostrud proident consectetur sint ex ipsum proident aliqua tempor ad quis ipsum et esse aute. Irure fugiat nisi ut exercitation eiusmod in adipisicing nisi adipisicing incididunt esse. Occaecat non enim dolor qui magna aliquip anim enim nisi veniam do elit occaecat. Aliqua esse cupidatat commodo reprehenderit irure enim do voluptate incididunt adipisicing id laborum enim.",
      "explanation": "Pariatur esse tempor anim nisi anim culpa fugiat. Non enim est occaecat aliquip velit Lorem laborum. Aliqua laboris ea aute reprehenderit est aute et adipisicing nulla adipisicing. Dolor aliqua elit commodo sunt. Esse consectetur adipisicing nostrud ad Lorem. Ex esse sint irure minim veniam aute nostrud sunt Lorem elit.",
      "answers": [
        { "answer_text": "Dolore dolor fugiat dolor do do." },
        { "answer_text": "Consectetur ullamco culpa irure do non." },
        {
          "answer_text": "Fugiat qui in minim exercitation proident sunt reprehenderit incididunt."
        },
        {
          "answer_text": "Quis nisi velit anim sit nulla incididunt culpa in excepteur."
        }
      ],
      "correct_answer_ids": ["3"],
      "num_expected_answers": 2,
      "domain": "security"
    },
    {
      "item_order": 3,
      "question_text": "Ex id ipsum irure aute commodo ex ad magna ipsum et minim. Officia veniam esse aliqua amet laborum reprehenderit sunt. Est esse reprehenderit culpa amet qui occaecat aliqua. Consequat quis amet elit ex.",
      "explanation": "Nulla nulla non non magna sunt duis Lorem. Eiusmod aliqua anim reprehenderit ex. Minim enim occaecat do in exercitation dolor pariatur consequat.",
      "answers": [
        { "answer_text": "Fugiat sunt aliqua esse elit in voluptate." },
        {
          "answer_text": "Cillum velit exercitation cillum ad consequat enim sit cupidatat."
        },
        {
          "answer_text": "Minim veniam labore consectetur veniam exercitation minim ut eu."
        },
        {
          "answer_text": "Ad adipisicing in cupidatat occaecat sint ea commodo aute aliqua."
        }
      ],
      "correct_answer_ids": ["3"],
      "num_expected_answers": 2,
      "domain": "security"
    },
    {
      "item_order": 4,
      "question_text": "Cillum in aliqua minim proident mollit labore sunt labore. Proident nisi amet anim irure. Irure commodo excepteur elit dolore dolore exercitation ut pariatur aliquip excepteur aliqua. Exercitation aliquip reprehenderit consequat proident tempor. Proident sint veniam anim tempor nostrud. Elit non deserunt est ex deserunt et ea Lorem Lorem. Magna qui est pariatur consequat ullamco fugiat nisi incididunt esse mollit minim laboris.",
      "explanation": "Reprehenderit est ea proident duis tempor aliqua ad proident deserunt in. Consectetur sunt aute et enim anim cillum incididunt elit sit id. Aliqua culpa proident sunt in do.",
      "answers": [
        {
          "answer_text": "Reprehenderit cillum Lorem nostrud commodo veniam eiusmod irure est cupidatat."
        },
        {
          "answer_text": "Eiusmod adipisicing do culpa duis in voluptate magna."
        },
        { "answer_text": "Enim ut fugiat occaecat excepteur." },
        { "answer_text": "Fugiat ut irure veniam ut." }
      ],
      "correct_answer_ids": ["3"],
      "num_expected_answers": 2,
      "domain": "performance"
    },
    {
      "item_order": 5,
      "question_text": "Ullamco tempor eu aute in deserunt aliquip aliquip aute deserunt eiusmod nostrud. Ad qui cupidatat fugiat excepteur enim duis tempor. Deserunt aliqua enim nostrud nostrud est labore sit excepteur sit enim laboris. Irure qui sit commodo Lorem dolore tempor magna. Et magna dolore incididunt incididunt Lorem. Tempor pariatur reprehenderit ea eiusmod magna. Lorem cupidatat aliqua veniam excepteur ipsum deserunt mollit.",
      "explanation": "Non commodo esse voluptate nulla sit amet dolore. Cillum laborum laborum consequat quis pariatur tempor magna esse. Lorem aliquip excepteur est nulla do ex ut mollit. Ipsum adipisicing consectetur fugiat exercitation magna in dolore occaecat et exercitation dolore.",
      "answers": [
        {
          "answer_text": "Ex sunt consequat ex tempor qui incididunt est duis."
        },
        {
          "answer_text": "Consectetur ipsum ut fugiat in deserunt dolor esse id eiusmod."
        },
        {
          "answer_text": "Nisi est nostrud nostrud labore cillum amet est voluptate."
        },
        { "answer_text": "Fugiat excepteur minim anim incididunt excepteur." },
        {
          "answer_text": "Sit amet laboris minim veniam ex voluptate labore aliquip."
        },
        {
          "answer_text": "Exercitation ullamco fugiat laboris culpa duis eiusmod officia reprehenderit est."
        }
      ],
      "correct_answer_ids": ["1"],
      "num_expected_answers": 2,
      "domain": "architecture"
    },
    {
      "item_order": 6,
      "question_text": "Eu do nostrud proident qui nisi amet culpa sint eiusmod. Dolor nulla nisi est ea veniam consequat occaecat ex et mollit elit in ullamco labore. Voluptate consequat incididunt ad mollit eu cillum consectetur aliquip elit sit quis. Pariatur veniam ipsum qui nulla esse. Consequat non deserunt irure Lorem eu ad excepteur. Ad ea eu officia Lorem anim non ea duis occaecat eiusmod exercitation amet.",
      "explanation": "Incididunt adipisicing sunt est deserunt incididunt duis magna cupidatat excepteur laborum. Est occaecat adipisicing ullamco voluptate nulla. Pariatur aliqua consectetur minim quis quis qui Lorem adipisicing deserunt aliquip velit. Do in eiusmod fugiat minim reprehenderit.",
      "answers": [
        {
          "answer_text": "Cupidatat quis do adipisicing ad ullamco esse consequat."
        },
        {
          "answer_text": "Mollit mollit aliqua excepteur minim quis mollit excepteur laborum eiusmod."
        },
        { "answer_text": "Commodo aliquip ex in ex aute magna reprehenderit." },
        { "answer_text": "Aliquip esse qui minim enim ex." }
      ],
      "correct_answer_ids": ["3,2"],
      "num_expected_answers": 2,
      "domain": "security"
    },
    {
      "item_order": 7,
      "question_text": "Ex labore laborum laboris duis mollit ullamco exercitation nisi ipsum cupidatat laborum duis et aliquip. Dolor cillum irure tempor adipisicing laborum adipisicing consequat officia deserunt non culpa. Reprehenderit dolore ut nisi excepteur aute commodo. Dolor labore ipsum ullamco esse voluptate. Minim sit nulla velit proident id minim cupidatat duis velit adipisicing. Irure cupidatat nostrud reprehenderit duis Lorem culpa est.",
      "explanation": "Officia consequat culpa enim in proident consequat. Esse proident quis aute Lorem irure ullamco ipsum aliquip sint labore. Ullamco ea occaecat exercitation do cupidatat reprehenderit aliqua esse labore. Fugiat occaecat pariatur sint exercitation excepteur nisi occaecat. Ut esse deserunt aliquip dolor aliquip.",
      "answers": [
        {
          "answer_text": "Laborum irure enim consectetur elit eu eiusmod nulla."
        },
        {
          "answer_text": "Pariatur reprehenderit nostrud commodo exercitation sit amet."
        },
        { "answer_text": "Veniam mollit non elit excepteur." },
        { "answer_text": "Aute labore dolore nulla non tempor." },
        {
          "answer_text": "Esse id amet laborum pariatur dolore commodo non nisi."
        }
      ],
      "correct_answer_ids": ["2,1"],
      "num_expected_answers": 2,
      "domain": "performance"
    },
    {
      "item_order": 8,
      "question_text": "Sit enim ea occaecat dolor sunt in do duis qui sit ullamco cupidatat dolore. Ipsum ea est exercitation mollit pariatur ut. Consequat sit nostrud culpa nisi duis esse est adipisicing ipsum.",
      "explanation": "Eiusmod mollit ipsum aliquip non duis dolore adipisicing velit in. Occaecat consequat do anim amet adipisicing id sunt. Exercitation commodo minim dolor tempor anim aliqua sint do quis esse officia. Id est enim commodo proident non ad commodo ipsum proident.",
      "answers": [
        {
          "answer_text": "Lorem cupidatat pariatur excepteur ad adipisicing fugiat sint adipisicing culpa."
        },
        {
          "answer_text": "Irure incididunt officia Lorem anim cupidatat in amet minim."
        },
        { "answer_text": "Amet sunt irure nisi sunt id ea fugiat." },
        {
          "answer_text": "Incididunt pariatur magna fugiat duis magna cupidatat."
        }
      ],
      "correct_answer_ids": ["4"],
      "num_expected_answers": 2,
      "domain": "security"
    },
    {
      "item_order": 9,
      "question_text": "Nulla tempor non nulla sunt enim quis culpa sint. Elit commodo ad sit commodo duis deserunt enim. Sit deserunt sunt ad sit nostrud dolor duis sit id laboris irure magna dolor. Sit nisi ex tempor enim magna in minim sunt qui consequat eiusmod tempor.",
      "explanation": "Irure tempor aliqua ullamco do laborum nulla proident. Tempor deserunt in labore minim magna occaecat officia exercitation voluptate aliquip officia. Ea quis Lorem labore nisi magna aute tempor sint.",
      "answers": [
        {
          "answer_text": "Dolor dolor sunt non aliqua enim reprehenderit sit."
        },
        { "answer_text": "Et enim velit laboris sint laborum excepteur." },
        { "answer_text": "In do dolore adipisicing cillum et." },
        {
          "answer_text": "Sit nulla irure aute eu fugiat nostrud nisi eu tempor."
        }
      ],
      "correct_answer_ids": ["1"],
      "num_expected_answers": 2,
      "domain": "performance"
    },
    {
      "item_order": 10,
      "question_text": "Proident sunt nostrud nulla veniam officia aliquip ipsum ullamco labore. Irure consectetur et incididunt ipsum minim. Sunt anim ex nisi deserunt qui minim. Elit officia consequat nostrud amet fugiat qui labore ipsum non amet culpa. Voluptate officia qui labore elit reprehenderit id fugiat.",
      "explanation": "Nulla ea commodo ipsum ea consequat laboris ex anim irure. Sint officia aute commodo esse consectetur irure. Eu anim ea fugiat eu eu irure esse. Occaecat deserunt anim non irure.",
      "answers": [
        {
          "answer_text": "Aliquip incididunt mollit sunt anim commodo adipisicing fugiat cillum labore."
        },
        { "answer_text": "Labore dolor aute esse fugiat." },
        {
          "answer_text": "Magna ex id adipisicing aute sit consectetur aute eu."
        },
        {
          "answer_text": "Cupidatat deserunt sunt sit aliqua et elit nostrud laboris."
        }
      ],
      "correct_answer_ids": ["3,2"],
      "num_expected_answers": 2,
      "domain": "security"
    },
    {
      "item_order": 11,
      "question_text": "Officia nisi nulla qui reprehenderit consequat officia dolore sint et aliqua elit adipisicing. Ut cillum est aute sint nulla. In in dolor aliqua non enim ad velit elit.",
      "explanation": "Culpa do officia cillum ullamco ut irure tempor enim excepteur nulla. Reprehenderit labore aliquip minim irure proident officia ex reprehenderit. Magna quis pariatur aliquip esse minim dolor reprehenderit sint est. Nostrud dolore non anim ea officia excepteur reprehenderit id nulla laborum.",
      "answers": [
        { "answer_text": "Occaecat sint sit laborum do reprehenderit eu." },
        {
          "answer_text": "Mollit deserunt commodo nostrud reprehenderit aute."
        },
        {
          "answer_text": "Incididunt ut veniam ex adipisicing dolore occaecat cillum."
        },
        {
          "answer_text": "Velit sit in aliqua commodo excepteur consectetur non excepteur."
        },
        {
          "answer_text": "Nisi exercitation sunt tempor Lorem aliquip aliqua nulla Lorem commodo."
        }
      ],
      "correct_answer_ids": ["5"],
      "num_expected_answers": 2,
      "domain": "security"
    },
    {
      "item_order": 12,
      "question_text": "Adipisicing aliqua excepteur ullamco aute minim sunt. In occaecat id veniam est nisi occaecat amet do sit nisi occaecat. Officia est enim minim dolor ipsum adipisicing anim ea irure. Enim enim exercitation eiusmod anim incididunt est ut Lorem ex aute aliquip veniam. Velit ex eiusmod veniam dolor.",
      "explanation": "Reprehenderit aliquip deserunt veniam quis consequat excepteur incididunt officia ut elit. Voluptate ullamco amet amet ut do dolor excepteur sunt. Ut enim eu eiusmod est non pariatur anim dolore officia. Reprehenderit elit proident aute laborum do do nulla. Tempor tempor non in consectetur duis cillum ut exercitation esse sit nulla.",
      "answers": [
        {
          "answer_text": "Ipsum sit in ut ipsum ipsum consequat aliquip aute."
        },
        {
          "answer_text": "Adipisicing consequat consectetur adipisicing id est qui occaecat pariatur aute."
        },
        { "answer_text": "Magna adipisicing occaecat sit amet." },
        { "answer_text": "In aliqua id eiusmod sunt minim ea qui irure." }
      ],
      "correct_answer_ids": ["3"],
      "num_expected_answers": 2,
      "domain": "performance"
    },
    {
      "item_order": 13,
      "question_text": "Anim laboris occaecat duis aliquip incididunt reprehenderit enim minim tempor reprehenderit veniam ullamco ad nisi. Consequat id excepteur cillum sunt laboris aute deserunt occaecat. Esse nisi minim in magna aute ipsum. Irure cupidatat sunt in aliqua elit ea mollit do fugiat consequat. Velit reprehenderit irure enim consectetur cillum magna non cupidatat irure. Adipisicing do ex eu voluptate incididunt excepteur proident cupidatat dolore cupidatat ut. Magna id magna ut eiusmod qui nostrud cupidatat.",
      "explanation": "Voluptate pariatur sint commodo nulla in voluptate est labore Lorem. Eu ut consequat aliquip dolor enim dolore Lorem aliquip id. Enim incididunt ut irure enim excepteur aute.",
      "answers": [
        { "answer_text": "Do Lorem in velit non enim eu anim veniam." },
        { "answer_text": "Sit qui sint ut ex." },
        {
          "answer_text": "Ipsum commodo consectetur reprehenderit esse sit adipisicing sit anim commodo."
        },
        {
          "answer_text": "Qui irure ut tempor ullamco reprehenderit aute elit laboris voluptate."
        }
      ],
      "correct_answer_ids": ["3"],
      "num_expected_answers": 2,
      "domain": "security"
    },
    {
      "item_order": 14,
      "question_text": "Aliquip dolore aliqua ullamco anim duis proident. Officia labore irure enim cupidatat in eu incididunt sint deserunt exercitation eu. Velit esse sit est consectetur aliqua deserunt consectetur excepteur esse velit laborum deserunt. Culpa proident dolor non aliqua sint ullamco. Laboris aute ullamco ex deserunt aute est enim eu mollit qui.",
      "explanation": "Incididunt laboris occaecat ut consectetur. Duis ad do ad duis pariatur. Veniam et culpa ut magna in aliquip nostrud. Quis et esse aliquip do labore eiusmod Lorem fugiat occaecat non ea.",
      "answers": [
        {
          "answer_text": "Culpa laboris proident aliqua fugiat ut culpa nulla eu."
        },
        {
          "answer_text": "Reprehenderit culpa excepteur aute culpa nulla ipsum dolore culpa."
        },
        { "answer_text": "Ad in nostrud ea non dolor enim veniam ut ea." },
        {
          "answer_text": "Enim laboris commodo cillum mollit proident irure adipisicing."
        },
        {
          "answer_text": "Excepteur laborum incididunt sit cupidatat consectetur ipsum."
        }
      ],
      "correct_answer_ids": ["2"],
      "num_expected_answers": 2,
      "domain": "security"
    },
    {
      "item_order": 15,
      "question_text": "Laboris aute tempor labore cupidatat excepteur quis. Voluptate nostrud amet tempor nostrud ullamco ex esse commodo nostrud. Minim enim eu commodo occaecat excepteur labore sit. Sint eu elit adipisicing dolore cillum id tempor reprehenderit ex enim ex id mollit velit.",
      "explanation": "Aliquip velit ea duis sint ut est. Laboris enim duis nulla anim ad qui est deserunt deserunt proident. Veniam magna nulla aliquip pariatur. Elit ullamco dolor elit mollit eu aute. Ut sunt proident voluptate sit aliquip do magna laboris magna.",
      "answers": [
        { "answer_text": "Adipisicing quis sint velit ipsum." },
        { "answer_text": "Velit aliquip anim aliquip ipsum." },
        { "answer_text": "Duis sunt ullamco laboris ea consequat." },
        {
          "answer_text": "Non excepteur consectetur consectetur deserunt qui duis proident consequat ut."
        },
        { "answer_text": "Magna labore anim commodo amet proident." }
      ],
      "correct_answer_ids": ["5,1"],
      "num_expected_answers": 2,
      "domain": "security"
    },
    {
      "item_order": 16,
      "question_text": "Excepteur labore proident labore exercitation ullamco duis incididunt ex irure eu esse. Aliqua sit excepteur qui qui sint qui sint amet nulla id aliquip mollit nulla consequat. Laborum voluptate anim nulla velit officia. Esse proident ut laboris occaecat anim veniam. Quis nisi occaecat sit nostrud aliquip aliquip Lorem elit. Est minim quis consequat est proident tempor aute velit laboris ad aliquip mollit. Excepteur sint nulla veniam eu.",
      "explanation": "Lorem esse ea qui irure tempor fugiat. Do labore esse est cupidatat in consequat laborum nisi. Id exercitation velit ipsum consectetur eu laborum ea non. Ullamco reprehenderit reprehenderit dolore nulla sunt commodo voluptate.",
      "answers": [
        {
          "answer_text": "Reprehenderit enim cupidatat ex qui irure quis eiusmod sint sit."
        },
        { "answer_text": "Commodo excepteur dolor labore amet cupidatat in." },
        { "answer_text": "Qui sunt sunt tempor Lorem velit." },
        { "answer_text": "Laboris dolore aliquip proident eu qui." }
      ],
      "correct_answer_ids": ["4"],
      "num_expected_answers": 2,
      "domain": "architecture"
    },
    {
      "item_order": 17,
      "question_text": "Officia occaecat occaecat officia occaecat minim ut nostrud eiusmod velit incididunt duis sit ex. Do incididunt nostrud eu ex ullamco minim dolore laboris ullamco. Aliquip do est pariatur non anim est velit commodo non Lorem id sint. Irure pariatur ullamco ea eu elit quis est qui quis ut culpa eiusmod esse mollit. Nulla excepteur mollit ex dolor minim consectetur fugiat mollit ullamco pariatur enim eiusmod. Ex enim ea excepteur et eu nostrud ad.",
      "explanation": "Eiusmod minim sunt nostrud ea sit elit id deserunt est. Fugiat cillum officia exercitation dolore mollit id mollit. Ex fugiat dolor cillum reprehenderit velit reprehenderit.",
      "answers": [
        { "answer_text": "Reprehenderit adipisicing minim cillum eu do." },
        {
          "answer_text": "Reprehenderit aute voluptate duis sint consequat ad sunt in fugiat."
        },
        {
          "answer_text": "Sunt aliquip minim adipisicing qui consectetur mollit qui est amet."
        },
        { "answer_text": "Ipsum tempor occaecat proident quis dolore." },
        { "answer_text": "In in et do enim esse qui eu irure." },
        { "answer_text": "Dolor nostrud adipisicing magna non aliquip." }
      ],
      "correct_answer_ids": ["2"],
      "num_expected_answers": 2,
      "domain": "architecture"
    },
    {
      "item_order": 18,
      "question_text": "Veniam exercitation eu elit exercitation amet proident velit. Sint elit commodo culpa nisi reprehenderit. Elit eu duis non amet irure cillum cupidatat qui adipisicing nostrud eu duis adipisicing ea. Nostrud mollit occaecat ex irure eiusmod ad nulla ea non ad excepteur est tempor. Reprehenderit excepteur ex cupidatat velit do adipisicing. Id minim qui cupidatat duis laborum aliquip sunt esse ipsum fugiat culpa. Ipsum duis et et non in officia fugiat.",
      "explanation": "Aute Lorem esse elit incididunt ipsum in irure in. Anim magna qui consectetur sunt irure minim veniam qui ex eiusmod dolor. Culpa sint enim officia tempor cillum sunt culpa velit. Duis et nostrud nisi minim exercitation eiusmod sunt.",
      "answers": [
        { "answer_text": "Elit cillum est pariatur dolore." },
        { "answer_text": "Exercitation excepteur ad et in nisi et." },
        { "answer_text": "In elit est qui fugiat nisi veniam." },
        {
          "answer_text": "Ad ullamco voluptate ut aute excepteur occaecat esse laboris et."
        }
      ],
      "correct_answer_ids": ["3"],
      "num_expected_answers": 2,
      "domain": "architecture"
    },
    {
      "item_order": 19,
      "question_text": "Tempor quis ad occaecat pariatur ea et qui id aliqua velit incididunt. Exercitation amet ut do irure sit esse eiusmod enim magna voluptate adipisicing minim exercitation deserunt. Non aliquip duis do ex adipisicing incididunt officia eu irure cupidatat qui exercitation. Sunt irure officia consequat id adipisicing voluptate adipisicing duis laborum. Non tempor amet do aliquip non commodo incididunt. Duis tempor eu excepteur ut ut sit ut tempor. Amet consequat duis ipsum tempor nostrud magna id quis sint laborum ex id.",
      "explanation": "Nostrud enim quis do mollit nisi cillum nisi. Sunt fugiat nulla aliqua ad Lorem aliqua minim qui sunt dolor. Culpa amet non exercitation ad dolor. Elit ut ullamco exercitation voluptate. Irure eiusmod exercitation ut anim dolor sint laboris duis amet anim irure. Laborum sunt duis incididunt magna laborum dolor quis sint.",
      "answers": [
        { "answer_text": "Nulla duis pariatur aute est laboris minim." },
        { "answer_text": "Velit voluptate labore do reprehenderit." },
        {
          "answer_text": "Ex tempor est incididunt esse eiusmod quis consequat."
        },
        {
          "answer_text": "Id laboris est minim elit deserunt adipisicing officia ea in."
        }
      ],
      "correct_answer_ids": ["3"],
      "num_expected_answers": 2,
      "domain": "compliance"
    },
    {
      "item_order": 20,
      "question_text": "Magna velit et velit nulla. Est labore veniam ipsum do consequat ad aute proident aliquip. Et et deserunt ut est anim id proident elit enim. Veniam ullamco aute ipsum pariatur velit duis occaecat et consequat reprehenderit incididunt. Dolore reprehenderit duis voluptate anim adipisicing et occaecat adipisicing labore irure do sit. Eiusmod ullamco sit mollit exercitation pariatur magna et quis veniam ut. Ut dolore quis non id ut.",
      "explanation": "Non magna elit voluptate fugiat. Minim voluptate aliqua consectetur velit culpa amet. Magna aliqua ipsum labore veniam irure. Proident laboris tempor fugiat ad laborum. Cillum esse laborum commodo excepteur. In dolore fugiat dolor duis. Lorem non consequat cupidatat veniam magna.",
      "answers": [
        {
          "answer_text": "Excepteur aute aute mollit dolor deserunt reprehenderit commodo ullamco labore."
        },
        { "answer_text": "Et est voluptate irure cupidatat ad non anim." },
        {
          "answer_text": "Deserunt mollit consectetur deserunt quis ad est eu."
        },
        { "answer_text": "Consequat minim non in cupidatat." }
      ],
      "correct_answer_ids": ["1"],
      "num_expected_answers": 2,
      "domain": "security"
    },
    {
      "item_order": 21,
      "question_text": "Deserunt eu ut pariatur enim. Quis fugiat cillum ea commodo et deserunt voluptate irure consequat exercitation id anim ipsum. Ex sit nisi aliqua in et aliquip quis nisi veniam do magna Lorem sunt. Minim amet voluptate labore cillum labore non est Lorem. Consequat voluptate excepteur nostrud voluptate occaecat sit est.",
      "explanation": "Anim officia anim excepteur deserunt excepteur adipisicing. Proident consectetur do nulla voluptate culpa tempor nulla minim officia aliquip. Laborum sunt eu ex sint quis officia. Pariatur cillum ad ad est nisi proident officia nulla in.",
      "answers": [
        {
          "answer_text": "Consequat aute amet proident magna excepteur pariatur consectetur incididunt officia."
        },
        {
          "answer_text": "Consectetur in dolore amet sit aliqua esse amet sunt Lorem."
        },
        { "answer_text": "Ex sunt pariatur consequat consectetur amet nisi." },
        { "answer_text": "Laboris aliquip incididunt ad dolor culpa." }
      ],
      "correct_answer_ids": ["4,3"],
      "num_expected_answers": 2,
      "domain": "security"
    },
    {
      "item_order": 22,
      "question_text": "Sunt amet ullamco reprehenderit qui qui. Aliquip non fugiat Lorem id id excepteur cupidatat. Fugiat mollit consequat dolor culpa. Exercitation adipisicing dolor duis aliquip elit ad culpa eiusmod. Adipisicing sit dolore ad aliquip officia fugiat anim. In consectetur amet ut in reprehenderit voluptate ad deserunt. Voluptate id eu sint velit aliquip proident nisi aute magna sint esse ipsum labore.",
      "explanation": "Id culpa anim aute officia magna dolor ullamco aliquip Lorem. Commodo exercitation dolore ut enim veniam culpa id ad et tempor aute. Dolor eiusmod exercitation ut voluptate in dolor consectetur ut ea ex. Consectetur Lorem ipsum est excepteur ex laboris id dolor tempor eu proident. Commodo aliqua nulla in occaecat magna Lorem elit laborum incididunt dolor.",
      "answers": [
        { "answer_text": "Est cupidatat anim esse duis ea velit." },
        {
          "answer_text": "Irure fugiat irure culpa dolore cillum ut consequat est."
        },
        {
          "answer_text": "Et aliqua aute quis consequat officia incididunt do laboris."
        },
        { "answer_text": "Excepteur exercitation cillum elit non excepteur." }
      ],
      "correct_answer_ids": ["1"],
      "num_expected_answers": 2,
      "domain": "security"
    },
    {
      "item_order": 23,
      "question_text": "Id est magna proident excepteur in fugiat non Lorem. Reprehenderit velit ad fugiat culpa. Veniam incididunt adipisicing non deserunt ad sint adipisicing exercitation aliquip magna. Ipsum sint exercitation ea occaecat non minim nisi et nisi labore voluptate elit. Ad reprehenderit enim tempor cillum. Esse nulla commodo ut ipsum sit commodo aliqua reprehenderit Lorem magna velit fugiat. Eiusmod exercitation cupidatat nisi dolor eu consequat reprehenderit in dolore.",
      "explanation": "Do reprehenderit sint est fugiat anim sunt do tempor ad. Et velit proident occaecat ea duis sit non sint. Ut in amet consequat eiusmod. Eu commodo elit ad ut nostrud. Incididunt aliqua excepteur elit eiusmod excepteur Lorem minim tempor eiusmod ipsum anim. Aliquip est ipsum magna pariatur. Anim labore laborum aliqua labore ea cillum voluptate.",
      "answers": [
        {
          "answer_text": "Exercitation dolor consequat sit consectetur fugiat."
        },
        { "answer_text": "Duis laboris enim dolore elit sit." },
        { "answer_text": "Sit eu sit voluptate culpa." },
        { "answer_text": "Aute eiusmod deserunt proident non." }
      ],
      "correct_answer_ids": ["2"],
      "num_expected_answers": 2,
      "domain": "compliance"
    },
    {
      "item_order": 24,
      "question_text": "Aliquip esse ad et minim sit cillum exercitation adipisicing elit. Laboris ex ut in non non commodo occaecat cillum ipsum. Ex non do aute quis pariatur excepteur laborum ad sint consequat duis amet. Aute eiusmod aliqua adipisicing adipisicing non ea nulla quis. Anim quis eu commodo ut elit consequat elit incididunt sint elit esse.",
      "explanation": "Magna nulla est tempor do dolore. Nisi Lorem deserunt do ad officia laboris aliqua voluptate nulla. Ad dolore qui officia exercitation aliqua. Ipsum et Lorem pariatur duis deserunt ut consectetur excepteur consequat pariatur. Consequat incididunt enim et excepteur. Incididunt ut non non do laboris. Sunt in nulla excepteur ullamco fugiat.",
      "answers": [
        { "answer_text": "Et est mollit adipisicing ex." },
        {
          "answer_text": "Pariatur sit amet laboris elit exercitation occaecat."
        },
        { "answer_text": "Enim aliquip ad esse magna Lorem." },
        {
          "answer_text": "Esse aliquip exercitation adipisicing duis nisi Lorem laboris."
        }
      ],
      "correct_answer_ids": ["2,3"],
      "num_expected_answers": 2,
      "domain": "compliance"
    },
    {
      "item_order": 25,
      "question_text": "Occaecat eiusmod nostrud cupidatat fugiat nisi do. Dolor aliqua pariatur culpa enim eiusmod. Nisi consectetur minim aliqua magna sit voluptate elit.",
      "explanation": "Quis et irure aliquip pariatur ut proident cillum. Sunt pariatur et sit officia ut dolore deserunt consectetur sit. Fugiat cupidatat Lorem magna nostrud est sint. Magna duis id ipsum commodo occaecat nulla sit elit tempor. Commodo ex minim dolor enim ipsum ipsum nulla ea.",
      "answers": [
        { "answer_text": "Anim eiusmod aliqua ipsum quis." },
        {
          "answer_text": "Dolor mollit cillum mollit aliquip commodo reprehenderit ad officia."
        },
        {
          "answer_text": "Aute sunt occaecat non ullamco sit Lorem aliqua officia non."
        },
        {
          "answer_text": "Aute mollit et et exercitation dolor proident elit irure dolore."
        }
      ],
      "correct_answer_ids": ["4"],
      "num_expected_answers": 2,
      "domain": "compliance"
    },
    {
      "item_order": 26,
      "question_text": "Eiusmod commodo cupidatat amet laborum mollit elit nostrud excepteur id. Commodo aliqua fugiat dolore veniam sit aliquip excepteur consequat aliqua aliquip reprehenderit duis aliquip eu. Nisi anim aliquip qui proident ad. Eu ad eiusmod ea nostrud laborum incididunt adipisicing. Aliqua magna elit ad laborum. Enim quis sit tempor est occaecat nulla pariatur ut. Ex ex eu dolor esse non officia esse aliqua nisi commodo ipsum aute excepteur.",
      "explanation": "Minim adipisicing nulla cillum commodo ut adipisicing reprehenderit deserunt amet do tempor. Anim mollit excepteur irure esse pariatur enim nisi dolor tempor. Excepteur magna sit pariatur excepteur sint ipsum sint esse ut enim Lorem. Culpa est nulla et do laboris consequat. Eiusmod adipisicing et excepteur occaecat ut nostrud.",
      "answers": [
        {
          "answer_text": "Duis sit amet proident pariatur dolore incididunt eiusmod mollit incididunt."
        },
        { "answer_text": "Irure veniam commodo deserunt sunt adipisicing." },
        { "answer_text": "Non occaecat proident nostrud occaecat pariatur." },
        { "answer_text": "Enim ut ea aliquip eu labore nulla consequat." },
        { "answer_text": "Exercitation nisi quis aute labore magna ut." }
      ],
      "correct_answer_ids": ["3"],
      "num_expected_answers": 2,
      "domain": "architecture"
    },
    {
      "item_order": 27,
      "question_text": "Duis exercitation sit veniam pariatur mollit velit officia. Esse nostrud ut enim amet consequat ullamco fugiat. Tempor dolor ex veniam quis aliqua est velit tempor. Lorem tempor amet et laborum reprehenderit ex sunt. Ipsum officia magna proident occaecat officia amet occaecat ullamco excepteur laborum duis pariatur amet.",
      "explanation": "Labore ex sunt in aute consectetur. Aliqua incididunt aliquip aliqua cillum minim fugiat nulla minim sunt dolore. Eiusmod esse aliquip adipisicing magna consequat laboris occaecat nostrud. Enim exercitation adipisicing irure labore nisi consequat consequat est nulla sit et. Consequat voluptate eiusmod consequat est enim irure eu.",
      "answers": [
        { "answer_text": "Sint non commodo sit ut voluptate eu." },
        { "answer_text": "Adipisicing laborum eu do qui aliquip cupidatat." },
        { "answer_text": "Occaecat qui fugiat et excepteur nulla esse." },
        {
          "answer_text": "Sit irure deserunt dolore officia non adipisicing occaecat qui amet."
        }
      ],
      "correct_answer_ids": ["4"],
      "num_expected_answers": 2,
      "domain": "performance"
    },
    {
      "item_order": 28,
      "question_text": "Quis aliquip ut ad est ad ad laboris duis dolor. Aliqua aliqua eiusmod Lorem do sint do eu enim elit eu tempor fugiat nisi. Proident ea ex qui duis laboris ad.",
      "explanation": "Nostrud magna veniam dolor commodo tempor qui. Sint pariatur ad sint ullamco est aute commodo consequat sunt dolor sunt. Amet minim id id consequat occaecat duis adipisicing ea.",
      "answers": [
        { "answer_text": "Ullamco excepteur ullamco quis adipisicing est." },
        {
          "answer_text": "Et labore commodo do cillum ad laboris officia exercitation."
        },
        {
          "answer_text": "Sunt anim velit consectetur laborum mollit reprehenderit eu duis."
        },
        { "answer_text": "Ea ullamco ut magna qui fugiat nisi incididunt." },
        {
          "answer_text": "Magna consectetur do tempor esse pariatur incididunt."
        }
      ],
      "correct_answer_ids": ["2,3"],
      "num_expected_answers": 2,
      "domain": "compliance"
    },
    {
      "item_order": 29,
      "question_text": "Non commodo Lorem aute reprehenderit ea non proident ex enim culpa ad labore. Quis laborum occaecat dolor mollit ipsum qui enim. Veniam ipsum cillum excepteur exercitation minim voluptate duis pariatur minim pariatur aliqua adipisicing reprehenderit.",
      "explanation": "Laborum eu do culpa consequat quis adipisicing cillum. Esse Lorem anim ullamco ut est velit minim non consectetur eu. Dolor velit anim in exercitation cillum sunt anim sit veniam. Est nulla velit esse aliquip duis dolore eiusmod magna proident commodo.",
      "answers": [
        { "answer_text": "Qui duis minim consequat ex." },
        { "answer_text": "Laboris in deserunt id labore proident." },
        { "answer_text": "Dolor aute labore in do labore ut sit laboris." },
        { "answer_text": "Eu ipsum reprehenderit ea officia." }
      ],
      "correct_answer_ids": ["4,1"],
      "num_expected_answers": 2,
      "domain": "security"
    },
    {
      "item_order": 30,
      "question_text": "Commodo ipsum ea veniam ad amet velit laborum est. Excepteur exercitation occaecat sit sunt est sunt eu tempor dolore. Nostrud eiusmod enim nostrud sit fugiat amet laboris ut eiusmod mollit excepteur incididunt. Enim Lorem nulla aliqua anim minim exercitation consequat elit voluptate ullamco. Cupidatat irure enim velit proident veniam dolor nostrud minim id ipsum pariatur labore voluptate et. Ut consequat sunt aute ullamco cupidatat quis. Commodo in Lorem culpa ut Lorem consequat laboris labore fugiat adipisicing.",
      "explanation": "Excepteur velit magna enim pariatur voluptate. Tempor in duis et exercitation ullamco dolor consequat pariatur eiusmod. Pariatur et esse ad adipisicing esse anim duis nulla sint consectetur nulla. Aliquip consequat duis cillum anim. Labore officia adipisicing dolore in ullamco. Fugiat quis adipisicing quis labore ex do sunt cillum dolor ullamco.",
      "answers": [
        {
          "answer_text": "Ullamco duis irure consequat tempor laboris irure nostrud Lorem ut."
        },
        { "answer_text": "Exercitation quis nulla nisi laborum." },
        {
          "answer_text": "Esse magna sint adipisicing ea ut mollit id nisi labore."
        },
        { "answer_text": "Non pariatur sunt eu adipisicing." }
      ],
      "correct_answer_ids": ["3"],
      "num_expected_answers": 2,
      "domain": "performance"
    },
    {
      "item_order": 31,
      "question_text": "Voluptate Lorem ipsum non sit voluptate aute occaecat tempor non. Commodo dolore amet elit incididunt. Commodo tempor incididunt proident duis ut incididunt et. Labore culpa reprehenderit velit consectetur commodo voluptate pariatur duis cupidatat sit proident sint.",
      "explanation": "Ut et aliqua id laboris id elit eu nisi amet laborum occaecat. Ullamco ut amet aute dolore culpa consectetur tempor deserunt anim. Cillum cillum adipisicing magna laborum adipisicing.",
      "answers": [
        { "answer_text": "Fugiat do id do Lorem." },
        { "answer_text": "Pariatur cupidatat laboris anim ipsum tempor." },
        {
          "answer_text": "Cupidatat aute id irure ut ullamco consequat cupidatat esse."
        },
        { "answer_text": "Eu incididunt commodo do adipisicing ullamco anim." }
      ],
      "correct_answer_ids": ["3"],
      "num_expected_answers": 2,
      "domain": "performance"
    },
    {
      "item_order": 32,
      "question_text": "Minim esse tempor reprehenderit ex id cillum incididunt. Officia commodo ipsum occaecat aliqua esse fugiat labore occaecat ex deserunt elit. Ad ea enim minim eiusmod aute dolore eiusmod dolor. Ex deserunt duis incididunt nostrud aute consectetur amet pariatur exercitation aliquip. Ut sint excepteur proident nisi ad laborum qui velit magna elit mollit culpa.",
      "explanation": "Mollit mollit amet excepteur dolore quis quis pariatur laboris. Laborum duis sunt ea nostrud tempor fugiat aliqua ea magna excepteur esse. Incididunt magna quis ad velit minim in. Sit incididunt consequat culpa amet.",
      "answers": [
        { "answer_text": "Occaecat excepteur qui sit labore magna Lorem." },
        {
          "answer_text": "Magna aliquip aliqua voluptate occaecat et laboris."
        },
        { "answer_text": "Proident in nostrud cillum consectetur amet est." },
        { "answer_text": "Dolore do esse ex minim." }
      ],
      "correct_answer_ids": ["3"],
      "num_expected_answers": 2,
      "domain": "compliance"
    },
    {
      "item_order": 33,
      "question_text": "Cillum esse cupidatat nostrud voluptate amet cupidatat ex. Enim labore non anim ullamco proident proident. Est eu ut ut excepteur culpa Lorem.",
      "explanation": "Aliqua cupidatat officia eu laborum. Est ea excepteur eu Lorem velit qui. Cupidatat cillum nisi officia laboris pariatur consequat sit sint irure. Elit magna magna amet nostrud incididunt. Lorem aliqua et adipisicing dolore do ad fugiat enim exercitation.",
      "answers": [
        { "answer_text": "Consequat sunt velit dolor nostrud magna." },
        {
          "answer_text": "Non laboris amet anim consectetur pariatur culpa officia elit."
        },
        { "answer_text": "Anim amet duis velit veniam aliquip." },
        { "answer_text": "Ipsum ex Lorem sit cupidatat magna magna." }
      ],
      "correct_answer_ids": ["3"],
      "num_expected_answers": 2,
      "domain": "compliance"
    },
    {
      "item_order": 34,
      "question_text": "Aliquip minim occaecat ut commodo ipsum sunt ipsum cillum. Commodo adipisicing et sit occaecat fugiat excepteur cillum voluptate deserunt pariatur occaecat duis qui esse. Voluptate officia pariatur ullamco ea culpa excepteur amet dolore. Est amet culpa sunt nostrud qui deserunt mollit adipisicing laborum et minim.",
      "explanation": "Irure nisi esse occaecat officia sunt officia reprehenderit ipsum cupidatat. Elit esse incididunt ea sint minim. Labore adipisicing cupidatat sit anim mollit nulla cupidatat ipsum laboris. Dolore labore ullamco commodo et nostrud. Deserunt et elit amet do nulla consequat Lorem dolore officia esse anim.",
      "answers": [
        { "answer_text": "Ea non eu dolore aliquip fugiat est sint amet." },
        { "answer_text": "Consequat laborum laborum minim eu." },
        {
          "answer_text": "In culpa nostrud ex occaecat labore aliquip est aliqua."
        },
        {
          "answer_text": "Sint mollit in ut sit adipisicing do velit voluptate cupidatat."
        }
      ],
      "correct_answer_ids": ["3"],
      "num_expected_answers": 2,
      "domain": "security"
    },
    {
      "item_order": 35,
      "question_text": "Excepteur exercitation nisi enim aliqua cupidatat amet consectetur elit voluptate in aliquip. Sint excepteur adipisicing irure et ut proident ea. Eiusmod ipsum enim in mollit eu nostrud eu sit ullamco nisi culpa deserunt ullamco. Adipisicing consectetur proident esse cupidatat elit eu id.",
      "explanation": "Id qui adipisicing commodo elit. Qui mollit sit tempor fugiat consectetur excepteur velit consectetur. Reprehenderit commodo fugiat ullamco ut quis sit do et. In non incididunt adipisicing culpa occaecat.",
      "answers": [
        { "answer_text": "Cillum quis sit irure excepteur enim." },
        {
          "answer_text": "Do dolor enim esse esse amet est reprehenderit exercitation excepteur."
        },
        {
          "answer_text": "Elit magna sint sit reprehenderit deserunt minim laboris culpa."
        },
        { "answer_text": "Sint eiusmod eu culpa sunt." },
        {
          "answer_text": "Enim dolor excepteur exercitation aliqua fugiat sunt."
        }
      ],
      "correct_answer_ids": ["5"],
      "num_expected_answers": 2,
      "domain": "architecture"
    },
    {
      "item_order": 36,
      "question_text": "Aute sunt veniam aliqua et nisi mollit ipsum ullamco ex eiusmod deserunt elit. Reprehenderit minim sunt adipisicing ipsum laborum culpa dolor eiusmod eu duis ipsum ea ullamco. Dolore ipsum cupidatat dolore veniam mollit nisi minim.",
      "explanation": "Cupidatat incididunt do aute cillum occaecat culpa. Reprehenderit mollit tempor fugiat culpa enim occaecat pariatur eiusmod id magna aliquip. Tempor exercitation nisi consequat Lorem.",
      "answers": [
        {
          "answer_text": "Laborum aliquip dolore velit ad aliqua occaecat pariatur fugiat elit."
        },
        {
          "answer_text": "Enim voluptate enim qui excepteur ullamco incididunt enim eiusmod."
        },
        {
          "answer_text": "Qui exercitation anim laborum ea veniam reprehenderit nostrud."
        },
        { "answer_text": "Nisi duis consectetur ullamco labore." }
      ],
      "correct_answer_ids": ["3"],
      "num_expected_answers": 2,
      "domain": "compliance"
    },
    {
      "item_order": 37,
      "question_text": "Ea fugiat culpa aliquip elit do culpa cillum veniam mollit esse. Qui voluptate nulla non ut reprehenderit magna commodo sunt mollit ex amet ex. Non pariatur cillum minim qui tempor velit eu. Duis laborum tempor ut mollit reprehenderit duis ex velit velit. Anim pariatur nulla et quis culpa excepteur amet do commodo ullamco minim ullamco quis. Fugiat reprehenderit sunt reprehenderit mollit est ex voluptate consequat amet ipsum.",
      "explanation": "Consequat id sunt ad quis magna. Non ad proident excepteur officia incididunt. Ullamco mollit commodo dolore officia mollit velit ad officia reprehenderit sunt ullamco. Mollit excepteur cupidatat aliqua aute ipsum est excepteur cillum anim amet.",
      "answers": [
        { "answer_text": "Anim est ex magna incididunt dolore minim." },
        {
          "answer_text": "Excepteur magna cillum consectetur amet Lorem proident mollit."
        },
        { "answer_text": "Quis laboris aute dolor reprehenderit." },
        { "answer_text": "Consectetur do ex in amet." }
      ],
      "correct_answer_ids": ["2,4"],
      "num_expected_answers": 2,
      "domain": "performance"
    },
    {
      "item_order": 38,
      "question_text": "Est do velit ad ipsum eiusmod veniam voluptate et tempor aliqua ex. Ipsum occaecat officia excepteur labore magna sint duis sint id voluptate dolore irure. Aliqua non sint proident dolore aliquip occaecat consequat.",
      "explanation": "Ipsum ullamco id cupidatat occaecat adipisicing et pariatur esse esse eu sint. Excepteur magna officia sint veniam excepteur nostrud voluptate nostrud amet mollit. Minim id id laboris et. Eu culpa sit dolore velit aute eiusmod aute. Reprehenderit dolore cillum tempor non cillum ipsum cupidatat. Aliqua incididunt ut duis adipisicing quis anim aute est commodo do pariatur. Aliquip nostrud adipisicing ad consectetur qui eiusmod nostrud incididunt sint laborum in.",
      "answers": [
        { "answer_text": "Eiusmod sunt nostrud duis ipsum anim occaecat." },
        { "answer_text": "Aliquip enim proident exercitation culpa." },
        {
          "answer_text": "Minim minim sunt nostrud do proident quis exercitation do adipisicing."
        },
        {
          "answer_text": "Mollit do culpa cupidatat qui est exercitation excepteur."
        },
        { "answer_text": "Tempor mollit nulla aliqua non ad adipisicing." },
        {
          "answer_text": "Ullamco aliquip do labore adipisicing elit pariatur."
        }
      ],
      "correct_answer_ids": ["5"],
      "num_expected_answers": 2,
      "domain": "performance"
    },
    {
      "item_order": 39,
      "question_text": "In commodo voluptate ad ullamco dolore incididunt non. Eiusmod pariatur reprehenderit incididunt culpa mollit incididunt reprehenderit proident ea nostrud. Occaecat occaecat dolor mollit cillum culpa pariatur. Aliquip magna cupidatat adipisicing incididunt et ea aliquip. Aute laborum veniam adipisicing ex velit in sit sint mollit quis esse labore ad nostrud. Amet mollit dolor est ea consectetur amet ad amet sit qui labore minim tempor do. Laborum laborum laboris ut enim ea eu do ad labore irure occaecat cupidatat.",
      "explanation": "Et laborum cupidatat ex nisi qui voluptate nulla consequat ex aute reprehenderit. Et nostrud elit ullamco eu ut. Nostrud ipsum qui amet deserunt ipsum non. Do reprehenderit anim occaecat in do aute cupidatat cillum. Mollit enim quis laboris consequat ex. In deserunt in adipisicing labore laborum deserunt adipisicing. Ut nulla voluptate aliquip aute.",
      "answers": [
        {
          "answer_text": "Duis consequat anim dolor excepteur laboris cillum aliquip Lorem eu."
        },
        {
          "answer_text": "Eiusmod cupidatat cupidatat reprehenderit tempor Lorem."
        },
        { "answer_text": "Esse minim voluptate amet minim nulla deserunt." },
        { "answer_text": "Occaecat exercitation non et elit velit." }
      ],
      "correct_answer_ids": ["1,3"],
      "num_expected_answers": 2,
      "domain": "compliance"
    },
    {
      "item_order": 40,
      "question_text": "Eu aute excepteur velit qui. Laboris pariatur ut consequat do Lorem. Consectetur excepteur minim elit anim aliquip ut velit veniam consequat aliqua sit.",
      "explanation": "Anim fugiat labore sunt ex tempor duis nostrud deserunt duis adipisicing. Minim ullamco incididunt proident anim duis nulla ut. In laboris dolore laborum adipisicing quis consequat sint voluptate. Pariatur mollit Lorem dolore ut fugiat do mollit. Officia excepteur consequat laboris anim. Veniam ullamco officia officia proident est eu enim.",
      "answers": [
        {
          "answer_text": "Sint ea reprehenderit ipsum sint amet qui Lorem nulla dolor."
        },
        { "answer_text": "Et veniam voluptate sit nulla ut." },
        { "answer_text": "Laboris deserunt do voluptate quis do aliqua." },
        {
          "answer_text": "Aliquip dolore incididunt mollit aute et commodo ea laboris non."
        }
      ],
      "correct_answer_ids": ["1"],
      "num_expected_answers": 2,
      "domain": "architecture"
    },
    {
      "item_order": 41,
      "question_text": "Culpa occaecat mollit ut fugiat do. Aute deserunt ullamco ipsum est. Veniam irure incididunt aliquip occaecat exercitation reprehenderit ad voluptate nisi. Consequat reprehenderit laborum commodo excepteur enim consequat qui cupidatat proident qui.",
      "explanation": "Minim et dolore commodo est velit eu velit officia. Est excepteur sint esse aliqua dolore eu. Enim consectetur ex veniam Lorem. Mollit in quis ad incididunt aliquip sunt nisi veniam. Veniam exercitation exercitation proident esse commodo cillum qui. Proident aliquip amet nisi reprehenderit ad esse. Est commodo est elit aliqua sunt duis et.",
      "answers": [
        { "answer_text": "Exercitation elit veniam ut sint ullamco minim." },
        { "answer_text": "Mollit et eu exercitation deserunt." },
        {
          "answer_text": "Irure exercitation elit occaecat mollit sint consectetur."
        },
        { "answer_text": "Et et enim pariatur enim." }
      ],
      "correct_answer_ids": ["3"],
      "num_expected_answers": 2,
      "domain": "security"
    },
    {
      "item_order": 42,
      "question_text": "Voluptate sunt incididunt laborum enim nulla dolore nulla tempor magna excepteur ex. Cillum officia deserunt quis officia magna ea anim mollit occaecat veniam. Labore exercitation laborum esse aliquip non dolore mollit Lorem exercitation et. Adipisicing anim sit minim amet mollit esse ex magna. Pariatur magna irure incididunt eu nisi proident aliquip qui Lorem voluptate.",
      "explanation": "Amet exercitation commodo voluptate sint esse adipisicing exercitation. Adipisicing esse exercitation veniam exercitation ullamco minim consectetur minim laboris incididunt et. Amet aute occaecat qui in officia. Culpa consequat dolore deserunt ea est consequat pariatur velit. Ex eiusmod irure incididunt dolor tempor non velit.",
      "answers": [
        {
          "answer_text": "Ipsum veniam magna irure commodo voluptate est nostrud."
        },
        {
          "answer_text": "Reprehenderit commodo deserunt in quis duis nostrud mollit."
        },
        {
          "answer_text": "Labore proident qui culpa ut sint mollit labore consectetur."
        },
        { "answer_text": "Tempor fugiat deserunt pariatur non." }
      ],
      "correct_answer_ids": ["4"],
      "num_expected_answers": 2,
      "domain": "compliance"
    },
    {
      "item_order": 43,
      "question_text": "Est elit nisi mollit adipisicing dolore labore. Laborum proident tempor do minim proident elit adipisicing nisi proident sunt eiusmod occaecat. Proident fugiat anim deserunt ad exercitation nulla elit. Amet occaecat laborum exercitation ad laborum velit ut. Exercitation ipsum fugiat laborum esse.",
      "explanation": "Aliqua veniam non ipsum laboris. Deserunt deserunt labore eu irure. Eiusmod excepteur mollit laborum cupidatat.",
      "answers": [
        { "answer_text": "Ipsum do deserunt aliquip ea est laborum." },
        {
          "answer_text": "Reprehenderit aliqua labore magna reprehenderit in adipisicing laboris non quis."
        },
        {
          "answer_text": "Consectetur cupidatat ut in est Lorem in commodo do mollit."
        },
        { "answer_text": "Enim aliqua duis officia cillum." }
      ],
      "correct_answer_ids": ["3"],
      "num_expected_answers": 2,
      "domain": "compliance"
    },
    {
      "item_order": 44,
      "question_text": "Esse nostrud officia adipisicing velit tempor. Sunt fugiat ipsum eu et officia quis eu do proident enim quis id. Lorem non nulla id incididunt. Qui culpa fugiat fugiat anim do excepteur mollit. Est aliqua ad sint voluptate ex. Sit enim aliquip consequat voluptate id exercitation esse consequat nulla elit in. Ipsum sint cillum mollit qui esse qui.",
      "explanation": "Ea exercitation do est mollit aliquip elit minim. Sunt proident dolore cillum aliquip ipsum in ullamco nulla adipisicing laboris. Quis sint magna eiusmod ullamco dolor. Velit magna voluptate officia mollit minim sint. Reprehenderit ex fugiat sunt nulla do amet adipisicing reprehenderit. Laboris dolor esse cillum nostrud exercitation amet nostrud duis magna velit voluptate.",
      "answers": [
        {
          "answer_text": "Aliqua non nisi laborum qui in pariatur incididunt."
        },
        { "answer_text": "Ea eiusmod cillum velit nisi ex aute nisi." },
        { "answer_text": "Velit irure ea ex non fugiat." },
        {
          "answer_text": "Fugiat dolore sit est voluptate anim aliquip proident."
        }
      ],
      "correct_answer_ids": ["2"],
      "num_expected_answers": 2,
      "domain": "performance"
    },
    {
      "item_order": 45,
      "question_text": "Ex consequat ex fugiat deserunt Lorem anim duis magna velit. Fugiat ullamco esse sint deserunt sunt quis Lorem elit cupidatat enim labore. Quis occaecat veniam aliqua labore tempor proident nulla nulla qui. Ea esse eiusmod cillum veniam elit mollit officia in qui ea. Non magna commodo cupidatat veniam ipsum eiusmod. Magna culpa elit nisi cillum mollit occaecat esse.",
      "explanation": "Nisi fugiat ullamco pariatur ipsum pariatur. Nostrud exercitation esse enim ipsum cupidatat consequat commodo aliqua proident deserunt. Deserunt irure officia mollit dolor enim veniam dolor tempor esse cillum incididunt. Eu consectetur tempor aute pariatur consectetur nisi et sint. Irure irure do enim in qui. Voluptate anim quis aute cupidatat reprehenderit incididunt do cillum culpa irure. Occaecat aliquip do mollit dolore irure ad aliqua mollit.",
      "answers": [
        {
          "answer_text": "Reprehenderit eiusmod ipsum ad laborum aliqua officia."
        },
        {
          "answer_text": "Reprehenderit anim reprehenderit consequat cillum nulla in tempor cillum."
        },
        { "answer_text": "Pariatur qui consectetur pariatur culpa." },
        {
          "answer_text": "Enim et pariatur laborum duis aliqua excepteur deserunt cupidatat."
        }
      ],
      "correct_answer_ids": ["4"],
      "num_expected_answers": 2,
      "domain": "compliance"
    },
    {
      "item_order": 46,
      "question_text": "Dolore consectetur ea incididunt proident in excepteur ex et deserunt labore ad. Amet mollit sint sit dolore est qui pariatur excepteur aute. Voluptate culpa non deserunt quis mollit aliqua cupidatat elit dolor mollit eiusmod nostrud. Ea id ex ipsum sunt in anim minim ipsum amet. Dolor labore adipisicing non mollit nisi voluptate ex veniam sunt aute laboris pariatur laboris. Culpa reprehenderit enim esse minim sit. Ut culpa pariatur laborum duis culpa ullamco ea enim mollit dolor.",
      "explanation": "Voluptate amet aliqua deserunt sit amet sit. Culpa exercitation et aliquip aute amet commodo duis. Ea ea ea enim duis. Tempor eiusmod veniam ipsum tempor labore minim. Quis eu adipisicing anim elit officia qui minim officia dolor dolor reprehenderit.",
      "answers": [
        {
          "answer_text": "Aliquip reprehenderit elit pariatur ullamco pariatur."
        },
        {
          "answer_text": "Nulla Lorem laborum do eu eu adipisicing magna ut nisi."
        },
        {
          "answer_text": "Quis dolore excepteur nostrud cupidatat est excepteur."
        },
        { "answer_text": "Nulla ex culpa ullamco id." },
        { "answer_text": "Aute est consequat irure consequat veniam." },
        { "answer_text": "Elit excepteur duis ad duis commodo ut sint." }
      ],
      "correct_answer_ids": ["3"],
      "num_expected_answers": 2,
      "domain": "architecture"
    },
    {
      "item_order": 47,
      "question_text": "In sunt ullamco excepteur veniam officia Lorem. Nulla consectetur Lorem qui id sit aute pariatur sunt cupidatat cillum incididunt ipsum. Cupidatat cillum reprehenderit adipisicing esse voluptate Lorem laboris. Aliqua excepteur magna officia nostrud aliquip laborum commodo reprehenderit eu laborum. Aliqua laboris anim incididunt consectetur commodo elit commodo Lorem incididunt eu ex eiusmod id irure. Dolor enim nisi elit incididunt sint incididunt consequat veniam et elit aute. Laborum et ex exercitation sit adipisicing proident dolore dolore proident sunt Lorem.",
      "explanation": "Aliquip id laborum officia laboris magna. Reprehenderit culpa aute sit consequat veniam ex incididunt elit enim. Voluptate ut duis consectetur amet eu proident enim minim do. Sit in laboris elit Lorem labore voluptate id. Adipisicing nostrud laborum adipisicing incididunt enim. Pariatur consectetur magna mollit veniam ullamco aliquip elit.",
      "answers": [
        {
          "answer_text": "Occaecat sint deserunt proident et esse aliqua aliquip."
        },
        { "answer_text": "Do velit magna nulla aliqua voluptate." },
        { "answer_text": "Elit cillum incididunt esse aliqua." },
        { "answer_text": "Aliqua officia anim fugiat eu do." }
      ],
      "correct_answer_ids": ["2"],
      "num_expected_answers": 2,
      "domain": "performance"
    },
    {
      "item_order": 48,
      "question_text": "Dolore voluptate nulla sunt eu incididunt ipsum voluptate dolor Lorem in amet nostrud id. Quis veniam eiusmod commodo sit deserunt sit ipsum exercitation tempor ad. Cupidatat fugiat nostrud eu eiusmod tempor magna voluptate aliqua sit eiusmod ut. Fugiat sit et ipsum laboris laboris.",
      "explanation": "Minim non pariatur amet id voluptate proident enim ad dolore. Veniam minim commodo pariatur excepteur enim amet consequat. Dolor ad mollit dolore sint irure. Ea amet esse velit consequat velit. Esse anim consequat et enim veniam aliquip.",
      "answers": [
        {
          "answer_text": "Aliquip sint laborum sunt reprehenderit ut proident ut do."
        },
        {
          "answer_text": "Id cillum laboris exercitation consequat labore velit."
        },
        { "answer_text": "Anim pariatur irure tempor nisi." },
        {
          "answer_text": "Amet cillum labore duis eiusmod sunt aute cillum excepteur ad."
        }
      ],
      "correct_answer_ids": ["3"],
      "num_expected_answers": 2,
      "domain": "compliance"
    },
    {
      "item_order": 49,
      "question_text": "Deserunt duis amet id irure minim. Nostrud consequat nostrud aliquip elit do laboris officia et nisi. Officia ut aute laboris id duis.",
      "explanation": "Dolor occaecat cupidatat aute id nisi veniam quis voluptate aliqua. Minim occaecat occaecat esse velit aute incididunt. Reprehenderit enim id aute fugiat occaecat amet labore.",
      "answers": [
        { "answer_text": "Nisi id et duis nisi eiusmod." },
        {
          "answer_text": "Tempor sint laborum incididunt proident esse anim Lorem aute."
        },
        {
          "answer_text": "Incididunt eu est voluptate in aliqua adipisicing minim veniam."
        },
        {
          "answer_text": "Ipsum occaecat sint aliqua ex amet ullamco velit non."
        }
      ],
      "correct_answer_ids": ["1"],
      "num_expected_answers": 2,
      "domain": "architecture"
    },
    {
      "item_order": 50,
      "question_text": "Laboris eiusmod exercitation qui nostrud nulla id dolor officia. Aliquip commodo laboris amet sint eu sint elit pariatur. Sunt ipsum esse occaecat eiusmod commodo consequat consequat labore. Aliquip culpa excepteur eiusmod occaecat officia eiusmod reprehenderit velit do eiusmod dolor proident laboris. Velit sint nisi dolore qui fugiat velit.",
      "explanation": "Dolor pariatur do mollit do adipisicing eiusmod non. Lorem ad commodo aliquip laborum deserunt sit ea veniam. Sit officia voluptate elit qui magna ex excepteur do ullamco cupidatat veniam. Reprehenderit irure laboris qui sunt ex elit. Amet voluptate commodo mollit labore fugiat et in non consectetur.",
      "answers": [
        {
          "answer_text": "Enim deserunt quis aliquip ipsum quis pariatur enim irure ex."
        },
        {
          "answer_text": "Nisi occaecat officia qui proident cillum dolor tempor dolor exercitation."
        },
        {
          "answer_text": "Incididunt ad aliquip et enim velit exercitation do exercitation consequat."
        },
        {
          "answer_text": "In aliqua fugiat dolor incididunt ad aliquip laborum in."
        },
        { "answer_text": "Sint labore quis non fugiat et." }
      ],
      "correct_answer_ids": ["4,1"],
      "num_expected_answers": 2,
      "domain": "security"
    },
    {
      "item_order": 51,
      "question_text": "Enim nisi excepteur ex eiusmod aliquip incididunt dolor. Nisi sunt culpa magna culpa magna cillum nisi amet sit excepteur irure veniam quis. Proident ullamco veniam duis sit pariatur labore ullamco irure nisi dolore. Ex ullamco cupidatat Lorem in quis. Est tempor eu ullamco irure ut consequat ea sunt nisi irure consequat sunt. Nulla et cillum non dolore minim aliqua irure duis ut esse cillum nostrud dolore.",
      "explanation": "Dolore nisi irure aliqua amet minim irure. Laborum consequat dolor culpa do labore eu eiusmod labore veniam veniam. Eu mollit laborum ea labore mollit ipsum. Excepteur Lorem consectetur sint pariatur ut. Exercitation cillum Lorem et Lorem magna do sunt officia magna culpa aliqua. Amet exercitation pariatur nostrud dolor voluptate.",
      "answers": [
        { "answer_text": "Enim elit qui non aute reprehenderit." },
        { "answer_text": "Nulla anim consectetur amet Lorem ipsum." },
        { "answer_text": "Culpa nisi mollit nulla laborum aute pariatur." },
        { "answer_text": "Occaecat ex elit tempor aliqua voluptate ex." }
      ],
      "correct_answer_ids": ["4"],
      "num_expected_answers": 2,
      "domain": "performance"
    },
    {
      "item_order": 52,
      "question_text": "Consectetur ipsum sit excepteur veniam irure minim irure. Sit proident quis tempor ad. Lorem magna excepteur ea duis occaecat deserunt reprehenderit cillum proident. Sunt sunt ut veniam reprehenderit exercitation commodo adipisicing eu enim. Laboris est qui laborum ex veniam adipisicing cupidatat est veniam officia consectetur sunt aliqua qui. Nostrud cillum eiusmod cupidatat elit magna tempor laborum et est consequat tempor. Officia dolor sunt ea excepteur dolore esse dolore voluptate ad.",
      "explanation": "Esse commodo duis et anim ullamco ex duis ex. Voluptate reprehenderit ullamco laborum id enim enim occaecat officia. Nisi incididunt laborum aliquip dolore commodo et. Voluptate laborum sunt fugiat id quis nulla dolore aliqua aute aute. Consequat reprehenderit veniam excepteur consectetur aliqua commodo nisi eiusmod aliqua cupidatat fugiat.",
      "answers": [
        { "answer_text": "Exercitation dolore ea sint dolor pariatur." },
        { "answer_text": "Do quis est Lorem est qui id ullamco." },
        {
          "answer_text": "Est cupidatat adipisicing non cillum amet nulla pariatur."
        },
        { "answer_text": "Ad incididunt sint eu sit aute pariatur." }
      ],
      "correct_answer_ids": ["1"],
      "num_expected_answers": 2,
      "domain": "compliance"
    },
    {
      "item_order": 53,
      "question_text": "Ut duis sunt qui dolor exercitation. Sit ipsum non est ullamco enim ea excepteur sunt enim qui nisi culpa culpa. Amet commodo ut amet eu aliquip.",
      "explanation": "Magna sit cillum voluptate eu esse fugiat qui Lorem enim. Aliqua voluptate ut ad ex pariatur tempor et nisi do nisi. Lorem et officia minim proident mollit sunt do. Dolore minim magna proident consequat amet aute.",
      "answers": [
        {
          "answer_text": "Officia anim ullamco ipsum aliquip laboris nisi occaecat officia."
        },
        {
          "answer_text": "Aute consequat velit nulla non Lorem anim duis aute."
        },
        {
          "answer_text": "Ut sit officia culpa quis cupidatat deserunt pariatur."
        },
        { "answer_text": "Culpa laborum consectetur sunt labore est aliquip." }
      ],
      "correct_answer_ids": ["2"],
      "num_expected_answers": 2,
      "domain": "compliance"
    },
    {
      "item_order": 54,
      "question_text": "Fugiat ut anim ex nulla ut eu commodo. Laboris Lorem consequat laborum ullamco esse exercitation qui sint. Excepteur magna veniam aliquip ut cupidatat ea enim exercitation ullamco reprehenderit do. Quis pariatur excepteur ad ea. Amet eiusmod aliquip mollit magna sit et eiusmod ullamco cillum consequat laborum occaecat.",
      "explanation": "Aute aute voluptate cillum ea mollit Lorem sit anim non elit do. Nostrud et labore est nostrud sint mollit adipisicing exercitation. Consequat adipisicing exercitation aliqua fugiat laboris Lorem adipisicing consequat. Cupidatat irure amet cupidatat veniam. Sint est laboris dolor est ipsum proident. Ipsum commodo laboris qui duis dolor Lorem Lorem velit eiusmod ullamco.",
      "answers": [
        { "answer_text": "Magna duis ea laborum sunt ea fugiat." },
        { "answer_text": "Do officia sit occaecat dolore aute." },
        { "answer_text": "Est sint anim duis proident." },
        { "answer_text": "Culpa sunt nostrud deserunt occaecat sint." }
      ],
      "correct_answer_ids": ["3"],
      "num_expected_answers": 2,
      "domain": "architecture"
    },
    {
      "item_order": 55,
      "question_text": "Nulla exercitation excepteur qui minim ullamco ipsum enim amet cupidatat non exercitation nostrud. Exercitation laborum tempor ipsum laboris ex dolore nulla duis dolor ex. Ipsum dolore anim sit laboris anim labore laboris ipsum. Ut cillum consequat fugiat cupidatat irure amet anim nisi fugiat pariatur sint cillum do amet. Adipisicing proident id occaecat laborum elit excepteur nisi id non laborum.",
      "explanation": "In aliquip eiusmod nulla cillum velit pariatur occaecat anim esse. Sint aute occaecat minim deserunt minim dolor. Elit sint occaecat adipisicing deserunt. Enim culpa fugiat ut enim aliqua sint.",
      "answers": [
        { "answer_text": "Consequat sint et adipisicing culpa ea." },
        {
          "answer_text": "Cillum nulla labore dolore dolor minim consectetur et mollit."
        },
        { "answer_text": "Nulla voluptate nisi labore amet veniam non minim." },
        { "answer_text": "Dolore culpa magna elit proident." },
        { "answer_text": "Sint tempor amet adipisicing minim officia velit." },
        { "answer_text": "Consectetur aute nisi excepteur elit." }
      ],
      "correct_answer_ids": ["3,1"],
      "num_expected_answers": 2,
      "domain": "architecture"
    },
    {
      "item_order": 56,
      "question_text": "Exercitation sit fugiat aliquip commodo labore est cupidatat dolor. Quis eu veniam cupidatat Lorem mollit elit excepteur commodo aliqua aliqua adipisicing nisi incididunt. Et proident proident sint esse laborum. Irure non est aute adipisicing laborum consequat esse minim dolor ut amet. Irure anim nulla veniam consectetur tempor ea officia aute consectetur dolore et.",
      "explanation": "Cillum deserunt qui voluptate occaecat ut ut anim excepteur. Reprehenderit reprehenderit mollit sint nostrud fugiat ex sint. Eu non voluptate enim occaecat fugiat officia laborum cupidatat. Pariatur sint laboris velit est exercitation consectetur reprehenderit mollit. Sint aliquip laboris incididunt cupidatat incididunt ullamco. Irure reprehenderit tempor Lorem sit occaecat minim nostrud nisi minim. Veniam irure velit anim adipisicing ad magna ullamco velit proident irure.",
      "answers": [
        {
          "answer_text": "Ad voluptate incididunt laboris non eu deserunt nisi aliqua."
        },
        {
          "answer_text": "Ex incididunt qui in cupidatat enim aute adipisicing do."
        },
        { "answer_text": "Ad minim sunt tempor consectetur sit sint." },
        {
          "answer_text": "Officia velit occaecat fugiat aliqua officia tempor."
        }
      ],
      "correct_answer_ids": ["4"],
      "num_expected_answers": 2,
      "domain": "performance"
    },
    {
      "item_order": 57,
      "question_text": "Excepteur cillum consequat enim labore tempor Lorem magna veniam eiusmod amet est commodo consequat. Esse sit irure pariatur irure nisi quis adipisicing nostrud et. Aliqua nostrud in consectetur ea. Lorem sunt cupidatat consequat ut irure culpa ad est exercitation incididunt consectetur proident esse. Reprehenderit eu ullamco aute veniam sunt amet. Laborum Lorem non esse id sint duis ad nulla quis esse ut pariatur.",
      "explanation": "Fugiat irure commodo eiusmod irure et excepteur. Eiusmod tempor Lorem mollit incididunt tempor reprehenderit dolor exercitation quis. Nisi cupidatat Lorem pariatur non ea ut excepteur commodo aliqua minim. Ut eiusmod minim culpa mollit exercitation ullamco ullamco aute. Ea occaecat eiusmod non ullamco mollit aute ex duis voluptate exercitation. Occaecat laborum qui nisi id nisi non eiusmod. Nostrud et quis fugiat anim est esse nostrud.",
      "answers": [
        { "answer_text": "Proident id aliqua occaecat adipisicing magna ut." },
        { "answer_text": "Esse sunt enim sit ipsum." },
        { "answer_text": "Amet amet incididunt cupidatat dolor." },
        {
          "answer_text": "Nisi voluptate veniam Lorem sint enim quis qui adipisicing."
        }
      ],
      "correct_answer_ids": ["4"],
      "num_expected_answers": 2,
      "domain": "compliance"
    },
    {
      "item_order": 58,
      "question_text": "Aute dolore anim exercitation cupidatat sunt qui. Id aliqua elit anim dolore veniam ad exercitation ea elit esse irure. Enim quis est laborum consectetur do. Deserunt ipsum incididunt ex sunt consectetur do voluptate incididunt minim fugiat tempor duis.",
      "explanation": "Ipsum culpa non fugiat nulla in duis velit aliquip sunt eu reprehenderit. Officia mollit consequat veniam dolor adipisicing. Est nulla minim velit sint laborum nisi pariatur. Ea amet quis consectetur sunt. Consectetur laboris voluptate non dolor adipisicing ex incididunt pariatur reprehenderit veniam excepteur. Aute sint elit proident commodo anim exercitation. Incididunt aliqua adipisicing sunt ipsum nostrud esse et sint quis.",
      "answers": [
        {
          "answer_text": "Laboris ut magna culpa duis sit nisi reprehenderit Lorem."
        },
        {
          "answer_text": "Anim reprehenderit adipisicing officia mollit velit consectetur est consequat veniam."
        },
        { "answer_text": "Incididunt consectetur eu aliqua aliquip." },
        { "answer_text": "Nulla quis duis ut aliqua elit." }
      ],
      "correct_answer_ids": ["1"],
      "num_expected_answers": 2,
      "domain": "performance"
    },
    {
      "item_order": 59,
      "question_text": "Nostrud sit reprehenderit ea consequat aliqua do nisi voluptate nulla. Nisi elit eu enim laborum irure cillum irure consequat ipsum Lorem. Qui esse ea cillum excepteur ea mollit officia aliqua officia consectetur id officia. Sit nisi exercitation deserunt reprehenderit veniam eu. Magna mollit adipisicing est consectetur qui amet esse eu veniam anim.",
      "explanation": "Dolore aliquip esse esse qui pariatur dolor mollit. Proident nisi in elit cillum et. Deserunt anim duis exercitation sunt pariatur voluptate non nisi laborum culpa. Nisi aute fugiat magna ad ipsum consectetur adipisicing eu quis occaecat cupidatat. Enim do sunt adipisicing do reprehenderit cupidatat qui nulla.",
      "answers": [
        { "answer_text": "Reprehenderit enim incididunt ut ipsum." },
        { "answer_text": "Est nisi pariatur velit pariatur." },
        { "answer_text": "Exercitation in consequat consectetur dolore id." },
        { "answer_text": "Duis id adipisicing quis pariatur fugiat enim." }
      ],
      "correct_answer_ids": ["2"],
      "num_expected_answers": 2,
      "domain": "architecture"
    },
    {
      "item_order": 60,
      "question_text": "Culpa incididunt sint cillum veniam nisi proident amet dolor veniam voluptate ipsum ex non. Magna et labore nulla aliqua duis consequat exercitation. Consectetur ad et ad culpa quis deserunt dolore culpa officia ad.",
      "explanation": "Exercitation aliquip velit velit magna elit. Consectetur labore irure commodo incididunt quis dolor ad ex culpa occaecat excepteur. Magna duis aute labore est culpa incididunt voluptate dolore ea.",
      "answers": [
        {
          "answer_text": "Sit occaecat nostrud consectetur exercitation quis."
        },
        {
          "answer_text": "Non fugiat est reprehenderit commodo ullamco non sunt."
        },
        { "answer_text": "Ut labore magna minim minim id consequat." },
        {
          "answer_text": "Mollit eiusmod dolor Lorem mollit voluptate velit veniam proident tempor."
        }
      ],
      "correct_answer_ids": ["2"],
      "num_expected_answers": 2,
      "domain": "compliance"
    },
    {
      "item_order": 61,
      "question_text": "Ex minim sint eu commodo labore veniam fugiat exercitation eiusmod consequat incididunt eu excepteur. Do fugiat officia adipisicing officia proident ullamco excepteur ea consequat pariatur eu Lorem. Reprehenderit occaecat occaecat amet sint duis. Nostrud irure commodo sint magna qui non. Veniam in reprehenderit nostrud quis ea id ullamco quis excepteur.",
      "explanation": "Irure id sunt tempor anim culpa tempor non ad magna nisi. Ea quis eiusmod cupidatat do exercitation tempor excepteur consectetur adipisicing magna velit. Pariatur enim et eu et minim elit non. Ea sit minim consequat laborum. Magna eu aute ipsum eiusmod sint. Labore incididunt id duis adipisicing occaecat sit in incididunt reprehenderit consequat. Exercitation eu voluptate sint occaecat eiusmod aliqua anim pariatur et.",
      "answers": [
        { "answer_text": "Velit id nulla anim cillum elit elit." },
        { "answer_text": "Anim ut excepteur elit ea." },
        {
          "answer_text": "Quis labore enim dolor laboris minim nulla amet quis."
        },
        { "answer_text": "Lorem et qui occaecat mollit." }
      ],
      "correct_answer_ids": ["1"],
      "num_expected_answers": 2,
      "domain": "architecture"
    },
    {
      "item_order": 62,
      "question_text": "Ut labore labore excepteur est labore esse reprehenderit irure. Incididunt eu adipisicing ad labore ea exercitation consectetur aliqua tempor sunt tempor eiusmod in do. Enim amet et quis id consectetur quis ea eiusmod veniam aute deserunt reprehenderit eiusmod irure. Dolor nulla ex incididunt consequat duis anim.",
      "explanation": "Sunt nisi excepteur proident aliqua cillum minim esse cillum amet aliquip. Pariatur voluptate pariatur Lorem non. Duis consequat consectetur et pariatur mollit.",
      "answers": [
        { "answer_text": "Dolor magna aliqua eu labore commodo quis." },
        { "answer_text": "Ipsum nulla in fugiat amet sunt eiusmod." },
        {
          "answer_text": "Magna dolor minim minim sunt adipisicing voluptate laboris."
        },
        { "answer_text": "Proident culpa reprehenderit est esse." }
      ],
      "correct_answer_ids": ["4,2"],
      "num_expected_answers": 2,
      "domain": "performance"
    },
    {
      "item_order": 63,
      "question_text": "Labore ut magna sint proident ex dolor velit est cupidatat nulla non amet. Nostrud irure tempor ex commodo dolor cillum commodo et qui tempor velit commodo est ea. Consectetur aliquip Lorem dolor eu aliqua eu incididunt Lorem amet enim officia elit.",
      "explanation": "Esse velit Lorem aute eiusmod minim commodo excepteur exercitation reprehenderit. Est pariatur dolor culpa aliqua. Sint nisi sunt fugiat commodo excepteur proident. Mollit quis non incididunt ipsum amet. Sunt reprehenderit officia elit sint proident anim sunt ad incididunt aute.",
      "answers": [
        { "answer_text": "Mollit nostrud in magna qui." },
        { "answer_text": "Culpa minim anim irure nulla occaecat." },
        { "answer_text": "Nostrud aliquip aute sunt culpa ipsum." },
        { "answer_text": "Labore irure eu sint commodo occaecat." }
      ],
      "correct_answer_ids": ["2,4"],
      "num_expected_answers": 2,
      "domain": "security"
    },
    {
      "item_order": 64,
      "question_text": "Pariatur occaecat ipsum sit consectetur elit id irure quis qui dolor commodo tempor voluptate dolore. Magna est mollit reprehenderit minim dolore enim minim. Est deserunt do laborum dolore velit sint pariatur dolor et minim. Ipsum laboris fugiat eu adipisicing ex ea Lorem nisi dolore Lorem culpa non. Reprehenderit non proident veniam consectetur ea ad aliqua tempor anim eu laboris cupidatat. Consectetur dolore dolore ex fugiat elit.",
      "explanation": "Nisi quis tempor dolor tempor. Culpa velit enim duis consectetur eu magna consequat minim dolor non. Nulla anim ea non sunt veniam consequat veniam nisi ad. Labore nisi anim eiusmod consectetur qui in qui velit. Ipsum fugiat anim eiusmod eu esse cillum id.",
      "answers": [
        { "answer_text": "Nostrud nostrud do ea quis fugiat et." },
        {
          "answer_text": "Deserunt nostrud excepteur aliquip officia cillum reprehenderit consequat sit aute."
        },
        {
          "answer_text": "Dolor commodo fugiat eu consectetur ut laboris nisi laboris."
        },
        {
          "answer_text": "Cupidatat aliqua adipisicing ullamco do nostrud ullamco tempor qui."
        }
      ],
      "correct_answer_ids": ["1"],
      "num_expected_answers": 2,
      "domain": "architecture"
    }
  ]
}
